molecular_weight,logP,hydrogen_bond_acceptors,hydrogen_bond_donors,Lipinski,QED,stereo_centers,tpsa,PAINS_alert,BRENK_alert,NIH_alert,AMES,BBB_Martins,Bioavailability_Ma,CYP1A2_Veith,CYP2C19_Veith,CYP2C9_Substrate_CarbonMangels,CYP2C9_Veith,CYP2D6_Substrate_CarbonMangels,CYP2D6_Veith,CYP3A4_Substrate_CarbonMangels,CYP3A4_Veith,Carcinogens_Lagunin,ClinTox,DILI,HIA_Hou,NR-AR-LBD,NR-AR,NR-AhR,NR-Aromatase,NR-ER-LBD,NR-ER,NR-PPAR-gamma,PAMPA_NCATS,Pgp_Broccatelli,SR-ARE,SR-ATAD5,SR-HSE,SR-MMP,SR-p53,Skin_Reaction,hERG,Caco2_Wang,Clearance_Hepatocyte_AZ,Clearance_Microsome_AZ,Half_Life_Obach,HydrationFreeEnergy_FreeSolv,LD50_Zhu,Lipophilicity_AstraZeneca,PPBR_AZ,Solubility_AqSolDB,VDss_Lombardo,molecular_weight_drugbank_approved_percentile,logP_drugbank_approved_percentile,hydrogen_bond_acceptors_drugbank_approved_percentile,hydrogen_bond_donors_drugbank_approved_percentile,Lipinski_drugbank_approved_percentile,QED_drugbank_approved_percentile,stereo_centers_drugbank_approved_percentile,tpsa_drugbank_approved_percentile,PAINS_alert_drugbank_approved_percentile,BRENK_alert_drugbank_approved_percentile,NIH_alert_drugbank_approved_percentile,AMES_drugbank_approved_percentile,BBB_Martins_drugbank_approved_percentile,Bioavailability_Ma_drugbank_approved_percentile,CYP1A2_Veith_drugbank_approved_percentile,CYP2C19_Veith_drugbank_approved_percentile,CYP2C9_Substrate_CarbonMangels_drugbank_approved_percentile,CYP2C9_Veith_drugbank_approved_percentile,CYP2D6_Substrate_CarbonMangels_drugbank_approved_percentile,CYP2D6_Veith_drugbank_approved_percentile,CYP3A4_Substrate_CarbonMangels_drugbank_approved_percentile,CYP3A4_Veith_drugbank_approved_percentile,Carcinogens_Lagunin_drugbank_approved_percentile,ClinTox_drugbank_approved_percentile,DILI_drugbank_approved_percentile,HIA_Hou_drugbank_approved_percentile,NR-AR-LBD_drugbank_approved_percentile,NR-AR_drugbank_approved_percentile,NR-AhR_drugbank_approved_percentile,NR-Aromatase_drugbank_approved_percentile,NR-ER-LBD_drugbank_approved_percentile,NR-ER_drugbank_approved_percentile,NR-PPAR-gamma_drugbank_approved_percentile,PAMPA_NCATS_drugbank_approved_percentile,Pgp_Broccatelli_drugbank_approved_percentile,SR-ARE_drugbank_approved_percentile,SR-ATAD5_drugbank_approved_percentile,SR-HSE_drugbank_approved_percentile,SR-MMP_drugbank_approved_percentile,SR-p53_drugbank_approved_percentile,Skin_Reaction_drugbank_approved_percentile,hERG_drugbank_approved_percentile,Caco2_Wang_drugbank_approved_percentile,Clearance_Hepatocyte_AZ_drugbank_approved_percentile,Clearance_Microsome_AZ_drugbank_approved_percentile,Half_Life_Obach_drugbank_approved_percentile,HydrationFreeEnergy_FreeSolv_drugbank_approved_percentile,LD50_Zhu_drugbank_approved_percentile,Lipophilicity_AstraZeneca_drugbank_approved_percentile,PPBR_AZ_drugbank_approved_percentile,Solubility_AqSolDB_drugbank_approved_percentile,VDss_Lombardo_drugbank_approved_percentile
306.318,1.88148,4,2,4.0,0.9021267884079279,0,90.19,1,0,0,0.15855342,0.4060665,0.8612814,0.32090718,0.45996743,0.3479728,0.4150977,0.08846487,0.13616922,0.4135906,0.2515959,0.27768102,0.10252939,0.82170135,0.996963,0.025889173,0.03485815,0.15888813,0.12077558,0.08643415,0.22248113,0.04697867,0.6493958,0.12772724,0.2378738,0.03539198,0.056011964,0.38166925,0.12090097,0.44909605,0.23971732,-4.7471657,76.267624,52.647724,-4.768107,-12.650647,2.1173606,1.9426254,79.898315,-3.6074834,-4.998291,42.49560632688928,42.6713532513181,48.55887521968366,61.37082601054482,63.44463971880493,99.15641476274166,22.601054481546576,61.37082601054482,97.39894551845343,25.869947275922673,37.188049209138846,39.156414762741655,26.186291739894553,66.08084358523726,73.77855887521969,83.58523725834799,92.12653778558877,86.29173989455185,44.11247803163445,65.76449912126539,47.697715289982426,71.21265377855889,73.81370826010546,51.423550087873465,74.34094903339192,47.94376098418278,72.091388400703,63.09314586994728,77.89103690685414,78.27768014059755,84.74516695957821,85.5536028119508,79.19156414762742,41.0896309314587,55.782073813708266,65.90509666080844,72.12653778558875,74.44639718804922,82.91739894551846,75.88752196836556,40.21089630931459,45.553602811950796,62.882249560632694,78.10193321616872,70.57996485061513,14.376098418277682,50.158172231985944,29.455184534270654,61.44112478031635,55.81722319859403,40.03514938488577,3.3391915641476277
278.337,1.86224,4,2,4.0,0.8937508673923942,0,83.98,1,0,0,0.0065624462,0.5886738,0.93308294,0.73697203,0.7662023,0.21169817,0.47190362,0.052862704,0.17624488,0.30265012,0.9203741,0.04350158,0.037301965,0.92314816,0.9999999,0.00018180408,0.005160096,0.20949249,0.11498215,0.0012264169,0.017638495,0.00016425355,0.8884242,0.027609933,0.03276927,0.0015687004,0.012378337,0.00934672,0.0013874101,0.053679686,0.38465098,-5.3417463,46.29927,25.645557,-6.34391,-15.61794,1.698356,1.0260057,86.37743,-3.5711007,-2.090117,34.340949033391915,42.39015817223199,48.55887521968366,61.37082601054482,63.44463971880493,98.76977152899825,22.601054481546576,57.434094903339194,97.39894551845343,25.869947275922673,37.188049209138846,1.8629173989455186,39.332161687170476,91.10720562390159,88.68189806678384,93.70826010544816,72.47803163444641,88.99824253075572,31.142355008787348,69.8066783831283,37.926186291739896,95.57117750439369,14.973637961335678,24.850615114235502,85.97539543057998,99.40246045694201,1.0896309314586996,6.256590509666081,81.6871704745167,77.3286467486819,3.0228471001757473,1.2653778558875222,6.6783831282952555,63.44463971880493,40.77328646748682,18.101933216168717,20.808435852372586,45.30755711775044,35.254833040421794,6.959578207381371,1.124780316344464,56.871704745166966,28.927943760984185,61.15992970123023,50.22847100175748,11.95079086115993,31.45869947275923,10.474516695957822,45.694200351493855,63.30404217926187,40.84358523725835,16.660808435852374
316.17600000000004,2.984000000000001,3,1,4.0,0.9431642702564714,0,59.31,0,0,0,0.0915104,0.8709949,0.82860374,0.8357538,0.94146955,0.2963358,0.70197946,0.107204124,0.43691,0.46541184,0.4923132,0.23752585,0.060215283,0.7765676,0.9999833,0.005308095,0.014350201,0.18876588,0.17767255,0.026432311,0.15830126,0.022897035,0.91038895,0.22209425,0.20130286,0.012834886,0.06998347,0.2791658,0.038583208,0.50974256,0.41675177,-4.6185865,46.206993,13.636602,24.638088,-10.850842,2.3229287,2.4205208,90.96235,-3.405381,2.0426574,45.9402460456942,61.019332161687174,32.653778558875224,36.59050966608085,63.44463971880493,100.00000000000001,22.601054481546576,38.13708260105449,47.59226713532514,25.869947275922673,37.188049209138846,25.623901581722322,64.53427065026362,57.60984182776802,92.16168717047452,97.99648506151144,86.99472759226714,94.72759226713534,49.279437609841835,83.16344463971882,52.02108963093146,82.2847100175747,66.39718804920915,36.44991212653779,70.61511423550088,87.6274165202109,29.314586994727595,29.209138840070302,80.14059753954307,84.39367311072057,60.77328646748683,77.04745166959579,70.08787346221442,67.66256590509667,63.62038664323375,61.75746924428823,56.48506151142355,78.45342706502637,77.89103690685414,55.50087873462215,48.189806678383135,58.418277680140605,72.44288224956064,61.08963093145871,37.82073813708261,63.72583479789104,64.00702987697716,42.24956063268893,69.27943760984184,71.31810193321617,44.07732864674868,55.7469244288225
273.263,2.1611000000000002,3,1,4.0,0.9283630248670514,0,55.4,0,0,1,0.099432334,0.9754736,0.9181771,0.8849968,0.78596854,0.43106776,0.5035849,0.13152787,0.013344787,0.5264233,0.058322866,0.16470619,0.020836117,0.9119094,0.9999935,0.004083383,0.022219025,0.13751164,0.022564612,0.010915867,0.17987195,0.027984152,0.9775993,0.16332525,0.09440228,0.032998346,0.012006444,0.089211784,0.015764486,0.45467955,0.1698307,-4.398851,131.02628,99.376114,-5.1068606,-7.3172073,1.6708921,2.695473,96.28007,-4.8703284,-5.4101553,32.93497363796134,46.95957820738138,32.653778558875224,36.59050966608085,63.44463971880493,99.89455184534272,22.601054481546576,34.72759226713533,47.59226713532514,25.869947275922673,83.09314586994728,27.24077328646749,87.5219683655536,85.37785588752197,94.30579964850617,94.2706502636204,96.37961335676627,89.94727592267137,56.8365553602812,28.857644991212656,58.699472759226715,51.77504393673111,50.22847100175748,13.181019332161688,84.28822495606327,92.79437609841828,23.40949033391916,44.63971880492092,76.13356766256591,52.02108963093146,38.34797891036907,80.73813708260106,72.65377855887523,91.77504393673111,59.08611599297013,42.601054481546576,71.35325131810194,44.49912126537786,62.91739894551846,37.434094903339194,41.0896309314587,39.156414762741655,87.83831282952549,95.07908611599298,89.77152899824254,13.848857644991213,87.1353251318102,9.349736379613358,74.44639718804922,81.47627416520211,16.344463971880494,2.81195079086116
266.297,1.6992,3,1,4.0,0.9159245375000266,0,59.06,0,0,0,0.09774621,0.9441999,0.95684844,0.31623644,0.32464343,0.39385703,0.07669787,0.13322735,0.022527594,0.39831,0.033893816,0.34749043,0.048141584,0.81792384,0.99998885,0.0013497864,0.0062023676,0.017777044,0.008937205,0.0013812769,0.041027613,0.0012852284,0.94579726,0.011550672,0.021586703,0.001615524,0.004683457,0.003191686,0.001966168,0.37025222,0.13068858,-4.542326,65.92541,33.27613,0.29868716,-9.951377,2.041607,1.4680378,65.022545,-2.4998548,-4.0760727,31.247803163444644,40.17574692442883,32.653778558875224,36.59050966608085,63.44463971880493,99.7188049209139,22.601054481546576,37.732864674868196,47.59226713532514,25.869947275922673,37.188049209138846,26.85413005272408,76.87170474516697,97.57469244288225,73.42706502636204,75.67662565905097,95.11423550087875,61.792618629173994,57.11775043936731,36.90685413005273,46.010544815465735,45.41300527240774,82.91739894551846,31.353251318101936,74.0597539543058,89.52548330404218,7.873462214411249,9.103690685413007,47.6274165202109,38.31282952548331,3.5852372583479792,13.81370826010545,22.214411247803167,77.11775043936731,34.235500878734626,10.896309314586995,21.265377855887525,26.713532513181022,23.444639718804922,9.91212653778559,30.298769771529003,35.114235500878735,78.66432337434095,72.9701230228471,56.48506151142355,22.88224956063269,71.21265377855889,25.37785588752197,53.04042179261863,40.91388400702988,61.58172231985941,5.62390158172232
272.329,2.6675000000000004,3,1,4.0,0.9334094472621842,0,69.96000000000001,0,0,0,0.030334275,0.7873507,0.8398902,0.8301214,0.92117035,0.37736565,0.87627333,0.11769895,0.14016089,0.500825,0.6811396,0.13538603,0.035018258,0.892194,0.9999782,0.006016667,0.030751714,0.21653298,0.14989385,0.026408598,0.14368042,0.022761872,0.93710387,0.3270956,0.16644476,0.01623021,0.03742193,0.315291,0.038301684,0.2870143,0.3247803,-4.6094117,59.013268,36.831505,7.8391256,-10.488762,1.9701627,1.6097885,94.159706,-4.316092,-5.1559052,32.68892794376099,55.85237258347979,32.653778558875224,36.59050966608085,63.44463971880493,99.92970123022847,22.601054481546576,46.57293497363796,47.59226713532514,25.869947275922673,37.188049209138846,8.084358523725836,56.06326889279438,60.246045694200355,92.05623901581723,97.50439367311073,94.13005272407733,97.71528998242532,52.23198594024605,66.22144112478033,55.88752196836556,87.66256590509667,41.72231985940246,23.12829525483304,81.82776801405976,85.97539543057998,32.829525483304046,57.71528998242531,82.03866432337435,81.72231985940246,60.66783831282953,72.89982425307558,70.05272407732865,74.30579964850615,69.98242530755712,57.25834797891037,60.80843585237259,66.32688927943761,79.82425307557118,55.36028119507909,19.507908611599298,52.196836555360285,73.28646748681899,69.84182776801407,59.367311072056246,35.85237258347979,66.74868189806679,22.1792618629174,55.289982425307564,76.94200351493849,26.045694200351495,3.163444639718805
297.326,3.3824400000000017,2,1,4.0,0.9436800424154683,0,46.17,0,0,0,0.018410357,0.8902925,0.8939379,0.7178499,0.90507346,0.32457957,0.7196259,0.17042802,0.1827904,0.5637299,0.67966497,0.1047727,0.040780462,0.8256893,0.999996,0.0024247053,0.024697805,0.09674932,0.099988155,0.010955618,0.08232065,0.006011773,0.9639808,0.35744548,0.09320511,0.005114852,0.01345742,0.20333233,0.008993401,0.23312847,0.46507826,-4.547659,81.13332,60.36016,27.616226,-8.163882,2.175115,3.13085,96.628586,-4.6098986,-0.035713293,39.64850615114236,67.06502636203867,17.10017574692443,36.59050966608085,63.44463971880493,100.00000000000001,22.601054481546576,27.275922671353253,47.59226713532514,25.869947275922673,37.188049209138846,5.2021089630931465,67.24077328646749,76.62565905096662,88.15465729349737,97.11775043936731,90.19332161687171,94.97363796133568,63.690685413005276,70.40421792618629,62.98769771528999,87.59226713532514,31.739894551845346,26.748681898066785,74.55184534270651,94.55184534270651,14.516695957820739,48.85764499121266,70.72056239015818,75.21968365553603,38.523725834797894,46.71353251318102,48.68189806678384,84.32337434094904,71.70474516695958,42.14411247803164,38.840070298769774,46.81898066783832,74.23550087873463,28.295254833040424,14.340949033391917,60.702987697715294,78.20738137082601,80.14059753954307,75.21968365553603,66.5377855887522,82.84710017574693,33.07557117750439,81.86291739894553,82.14411247803164,20.70298769771529,34.76274165202109
204.27299999999997,1.7670000000000001,2,1,4.0,0.7085030553348848,0,46.33,0,1,0,0.6306754,0.9319094,0.90074396,0.47293633,0.37983888,0.14969517,0.050768822,0.25454745,0.09115763,0.5053228,0.20049003,0.078035176,0.13155141,0.44595605,0.99998015,0.007486352,0.025160944,0.24889998,0.04754243,0.015798895,0.10844855,0.0024221982,0.94162637,0.039497405,0.104683995,0.021662405,0.037739776,0.03737311,0.017409947,0.62002957,0.38095984,-4.3144183,53.248608,15.466382,5.215902,-9.857837,2.4312565,0.7890208,38.71211,-1.1380478,0.58200246,18.312829525483306,40.80843585237259,17.10017574692443,36.59050966608085,63.44463971880493,76.48506151142355,22.601054481546576,27.539543057996486,47.59226713532514,66.52021089630932,37.188049209138846,87.90861159929702,74.0597539543058,79.29701230228471,80.21089630931459,79.5079086115993,55.64147627416521,55.53602811950791,73.42706502636204,58.76977152899825,56.59050966608085,67.76801405975397,24.147627416520212,58.45342706502637,52.4780316344464,86.71353251318102,39.332161687170476,49.384885764499124,84.56942003514939,62.56590509666081,48.189806678383135,60.66783831282953,32.337434094903344,75.60632688927944,43.72583479789104,45.30755711775044,65.5536028119508,66.6432337434095,51.03690685413006,39.08611599297013,63.198594024604574,56.555360281195085,92.26713532513182,66.0456942003515,39.75395430579965,31.45869947275923,71.81019332161688,49.17398945518454,42.741652021089635,19.613356766256594,81.93321616871705,41.15992970123023
283.29900000000004,3.074020000000001,2,1,4.0,0.9405924646031791,0,46.17,0,0,0,0.014396161,0.9051213,0.909701,0.717215,0.8484155,0.37162668,0.6225293,0.15841468,0.21395226,0.47694498,0.44063622,0.1419583,0.040055163,0.7985072,0.99999523,0.0023379712,0.02210259,0.072284795,0.07087776,0.010900805,0.096488014,0.006255804,0.9552782,0.22235584,0.07846423,0.0037889518,0.011293404,0.15578613,0.008485219,0.27111217,0.37804955,-4.4963408,74.41466,49.599373,23.566092,-8.250704,2.1152902,2.8557525,94.74393,-4.3361573,-0.3250687,35.465729349736385,62.319859402460466,17.10017574692443,36.59050966608085,63.44463971880493,100.00000000000001,22.601054481546576,27.275922671353253,47.59226713532514,25.869947275922673,37.188049209138846,3.655536028119508,69.66608084358525,82.56590509666081,88.11950790861161,95.99297012302286,93.84885764499123,93.32161687170475,62.108963093145874,72.02108963093147,53.21616871704746,80.14059753954307,43.7609841827768,26.256590509666083,72.16168717047452,93.77855887521969,13.848857644991213,44.32337434094904,67.69771528998243,69.45518453427066,38.31282952548331,55.04393673110721,49.49033391915642,81.12478031634447,63.65553602811951,37.961335676625666,34.13005272407733,43.33919156414763,70.08787346221442,27.17047451669596,17.644991212653782,56.239015817223205,81.96836555360282,76.97715289982426,68.33040421792619,62.14411247803164,82.03866432337435,29.455184534270654,77.04745166959579,78.27768014059755,25.58875219683656,32.513181019332166
307.37100000000004,2.1822999999999997,4,1,4.0,0.888196225027168,0,64.63,0,0,0,0.27064335,0.9493543,0.9127399,0.81895465,0.95672977,0.21973674,0.56172293,0.2120603,0.27321523,0.5904524,0.8684753,0.11549316,0.054677792,0.7550591,0.9999994,0.0011803022,0.013184932,0.16779065,0.099063225,0.004357031,0.058983177,0.0014224902,0.9796573,0.24438167,0.0681553,0.0050746235,0.017017303,0.043112285,0.0038585882,0.40199837,0.6261191,-4.615798,119.845985,91.049545,-11.616148,-9.022911,1.5465037,2.105906,85.0682,-3.722412,-5.960616,42.741652021089635,47.205623901581724,48.55887521968366,36.59050966608085,63.44463971880493,98.31282952548331,22.601054481546576,42.84710017574693,47.59226713532514,25.869947275922673,37.188049209138846,57.22319859402461,78.03163444639719,83.44463971880492,91.8804920913884,98.31282952548331,74.02460456942003,91.73989455184535,69.34973637961336,75.92267135325133,66.4323374340949,93.49736379613357,35.21968365553603,34.059753954305805,69.56063268892795,98.38312829525483,6.748681898066785,26.326889279437612,78.80492091388402,75.04393673110721,15.957820738137084,29.841827768014063,23.2688927943761,92.54833040421794,65.16695957820738,33.98945518453427,38.699472759226715,51.70474516695958,52.68892794376099,17.012302284710017,34.16520210896309,68.64674868189807,72.68892794376099,93.11072056239017,87.97891036906854,6.572934973637962,76.62565905096662,6.115992970123023,64.2530755711775,61.335676625659055,37.78558875219684,2.179261862917399
270.332,2.1847200000000004,2,1,4.0,0.9290866851256647,1,51.1,0,0,0,0.05165301,0.8889756,0.90981406,0.19238898,0.5071856,0.26817918,0.22898674,0.13433638,0.023853097,0.4840249,0.25289056,0.0677221,0.042239167,0.6973421,0.9999938,0.0025117884,0.026101511,0.03316503,0.024431963,0.005637983,0.057426758,0.0030566968,0.95472443,0.09516673,0.036445685,0.0063703293,0.009574169,0.02065287,0.0036880746,0.23832417,0.22833642,-4.6267605,45.82428,13.332642,10.1144085,-12.767741,2.247571,1.2390525,51.53115,-2.2408595,-0.0042673587,32.23198594024605,47.240773286467494,17.10017574692443,36.59050966608085,63.44463971880493,99.92970123022847,55.32513181019333,31.669595782073817,47.59226713532514,25.869947275922673,37.188049209138846,13.637961335676627,67.1353251318102,82.60105448154658,64.9560632688928,85.58875219683657,83.12829525483305,77.57469244288225,57.39894551845343,37.99648506151143,53.81370826010545,71.28295254833041,21.300527240773288,27.732864674868193,65.76449912126539,92.93497363796135,15.114235500878737,50.650263620386646,56.695957820738144,53.00527240773287,20.77328646748682,27.978910369068544,36.520210896309315,80.7029876977153,52.4780316344464,20.035149384885766,42.46045694200352,40.35149384885765,42.95254833040422,16.520210896309315,14.762741652021091,44.99121265377856,71.9859402460457,60.913884007029885,37.57469244288225,40.246045694200355,49.13884007029878,37.78558875219684,48.927943760984185,29.420035149384887,66.92442882249561,34.97363796133568
316.38200000000006,2.8172000000000015,4,1,4.0,0.9196212693033714,0,79.19,0,0,0,0.17266688,0.7213151,0.8099659,0.54496986,0.8776662,0.2431213,0.78690994,0.16601291,0.15354916,0.7030919,0.942912,0.08205296,0.0930454,0.8531798,0.9999779,0.017142557,0.05275365,0.3247378,0.27757245,0.03482007,0.120789364,0.030671734,0.93356216,0.61127555,0.2888589,0.05424272,0.07057907,0.36936158,0.06740604,0.28350917,0.6123914,-4.7007875,60.23269,39.389313,-9.590073,-10.814711,2.1259131,1.9285023,93.042786,-3.9571095,-4.5874124,45.97539543057997,58.48857644991213,48.55887521968366,36.59050966608085,63.44463971880493,99.78910369068542,22.601054481546576,53.602811950790866,47.59226713532514,25.869947275922673,37.188049209138846,41.6871704745167,50.333919156414765,52.93497363796134,82.1792618629174,96.69595782073814,78.4182776801406,96.3444639718805,63.33919156414763,67.94376098418279,81.12478031634447,96.4499121265378,25.026362038664324,48.787346221441126,76.87170474516697,85.94024604569421,62.21441124780317,78.38312829525483,87.87346221441126,91.0017574692443,67.02987697715291,66.60808435852373,73.84885764499121,73.42706502636204,81.58172231985941,69.77152899824253,78.48857644991213,78.5237258347979,82.56590509666081,65.48330404217927,19.191564147627417,68.11950790861161,66.67838312829527,70.22847100175747,61.47627416520211,8.1195079086116,64.32337434094904,29.876977152899826,61.05448154657294,74.55184534270651,33.32161687170475,4.042179261862918
298.77299999999997,3.492600000000002,2,1,4.0,0.9390865397408298,0,52.89,0,0,0,0.14716215,0.9276582,0.7471634,0.96835566,0.96322477,0.18977788,0.8330202,0.18115859,0.39881474,0.634009,0.80311775,0.09227471,0.051826395,0.72635484,0.99999714,0.008906333,0.03268081,0.41987234,0.20584925,0.03357923,0.16947217,0.01975846,0.96399766,0.4331379,0.23763505,0.045638144,0.09108563,0.32090345,0.06724982,0.5153002,0.59682524,-4.439336,105.83331,76.05644,33.179417,-8.607618,2.085359,3.3765652,94.65566,-4.962713,2.0669303,40.105448154657296,69.17398945518454,17.10017574692443,36.59050966608085,63.44463971880493,99.96485061511424,22.601054481546576,32.829525483304046,47.59226713532514,25.869947275922673,37.188049209138846,37.22319859402461,73.39191564147627,40.52724077328647,97.99648506151144,98.55887521968367,67.48681898066785,97.04745166959579,65.41300527240774,81.6871704745167,71.73989455184535,91.493848857645,27.768014059753956,32.93497363796134,67.34622144112478,95.46572934973639,43.8664323374341,60.07029876977153,91.0017574692443,86.85413005272409,66.0456942003515,79.22671353251319,67.76801405975397,84.3585237258348,75.00878734622145,65.86994727592268,75.99297012302286,82.2847100175747,79.96485061511424,65.37785588752197,48.963093145869955,67.24077328646749,85.69420035149386,89.94727592267137,82.8822495606327,70.7908611599297,79.33216168717048,27.697715289982426,86.32688927943762,78.13708260105449,15.043936731107207,55.88752196836556
271.316,2.8850000000000016,3,1,4.0,0.9092440049438038,0,47.56,0,0,0,0.30982152,0.91345644,0.89083993,0.9424574,0.96898997,0.18284442,0.7058316,0.19161443,0.35715207,0.62680894,0.883063,0.04153695,0.08518215,0.75315917,0.99999905,0.0034771718,0.037325792,0.5954739,0.265269,0.033381622,0.20256595,0.0072233686,0.9666659,0.50605226,0.22247711,0.0615528,0.056022573,0.3615405,0.03255977,0.39022636,0.73141193,-4.579248,116.79592,84.78099,4.086819,-8.779451,1.9550701,3.1205928,92.89742,-4.4477043,-2.3211536,32.513181019332166,59.648506151142364,32.653778558875224,36.59050966608085,63.44463971880493,99.57820738137083,22.601054481546576,29.173989455184536,47.59226713532514,25.869947275922673,37.188049209138846,61.30052724077329,70.93145869947277,75.43057996485062,96.80140597539544,98.80492091388402,65.90509666080844,94.83304042179263,66.92442882249561,80.14059753954307,70.75571177504395,94.1652021089631,14.622144112478033,46.467486818980674,69.38488576449913,97.5395430579965,20.14059753954306,66.50263620386644,95.04393673110721,90.43936731107206,65.90509666080844,83.72583479789104,52.26713532513182,85.41300527240774,77.99648506151144,64.39367311072057,79.82425307557118,74.44639718804922,82.1792618629174,52.056239015817226,32.58347978910369,74.0597539543058,75.7469244288225,92.44288224956064,86.08084358523726,29.349736379613358,77.96133567662567,21.195079086115996,81.47627416520211,74.34094903339192,23.620386643233747,14.727592267135327
317.744,3.096700000000002,2,1,4.0,0.9415763431341553,0,46.17,0,0,0,0.17843181,0.95950365,0.8107439,0.8890683,0.9704984,0.2375807,0.74971396,0.13751233,0.28799516,0.56579053,0.64501905,0.20296201,0.03703597,0.76912594,0.9999983,0.0030100918,0.012624067,0.13935913,0.121928476,0.010705527,0.10486009,0.008693196,0.97346056,0.25728258,0.13815662,0.008490738,0.034988508,0.14001945,0.018010786,0.530557,0.4842186,-4.370944,120.83799,91.40371,13.179629,-6.7007513,1.7930439,2.9076505,89.65163,-4.242173,-1.9447696,46.39718804920914,62.636203866432346,17.10017574692443,36.59050966608085,63.44463971880493,100.00000000000001,22.601054481546576,27.275922671353253,47.59226713532514,25.869947275922673,37.188049209138846,42.7768014059754,81.195079086116,52.970123022847105,94.44639718804922,98.84007029876977,77.64499121265379,95.53602811950792,58.20738137082601,76.52021089630932,63.16344463971881,86.71353251318102,60.07029876977153,24.74516695957821,70.26362038664324,96.55536028119509,17.715289982425308,25.30755711775044,76.41476274165203,78.45342706502637,37.68014059753955,59.191564147627425,55.88752196836556,89.49033391915643,66.22144112478033,52.12653778558876,47.45166959578208,64.67486818980669,68.8224956063269,39.68365553602812,51.31810193321618,61.89806678383129,88.75219683655537,93.1810193321617,88.04920913884008,45.90509666080844,89.17398945518454,13.708260105448156,78.20738137082601,68.89279437609842,27.275922671353253,17.926186291739896
293.725,3.8050200000000025,2,1,4.0,0.9308131579161198,0,38.33,0,0,0,0.14142612,0.9669496,0.85936975,0.9598776,0.9574541,0.23065002,0.668772,0.15539801,0.12210425,0.6113725,0.27749434,0.07706964,0.026602346,0.8159069,0.99999887,0.0028025627,0.022433307,0.31143308,0.10012615,0.025036138,0.23403268,0.019845515,0.9761794,0.41872057,0.17642991,0.033165816,0.03700592,0.35721198,0.037532393,0.49962354,0.4684516,-4.5110397,142.00374,116.746826,34.547417,-5.697608,2.072281,3.9056423,99.80177,-5.56103,2.2136722,38.59402460456943,73.95430579964851,17.10017574692443,36.59050966608085,63.44463971880493,99.92970123022847,22.601054481546576,21.124780316344467,47.59226713532514,25.869947275922673,37.188049209138846,36.344463971880494,84.18277680140598,65.62390158172232,97.60984182776802,98.34797891036908,76.02811950790861,94.1652021089631,61.47627416520211,63.65553602811951,68.92794376098419,72.61862917398946,23.936731107205627,16.977152899824254,73.91915641476275,97.29349736379615,16.414762741652023,44.9560632688928,87.45166959578208,75.21968365553603,59.68365553602813,86.36203866432338,67.83831282952549,91.10720562390159,74.51669595782074,58.34797891036907,71.35325131810194,66.15114235500879,81.82776801405976,54.72759226713533,46.36203866432338,60.878734622144115,81.33567662565906,96.94200351493849,93.00527240773287,71.9859402460457,91.8804920913884,26.818980667838314,93.77855887521969,88.64674868189807,7.592267135325132,57.012302284710024
307.3710000000001,2.8130200000000007,4,1,4.0,0.9222562421479078,0,64.63000000000001,0,0,0,0.028702427,0.8601538,0.8992419,0.7685971,0.9566701,0.26028547,0.76799,0.164067,0.3336958,0.5593341,0.9201229,0.07010388,0.051934283,0.81788856,0.99999875,0.001327052,0.021449987,0.18427433,0.16259581,0.0087128375,0.06399992,0.0028397806,0.96455944,0.40757364,0.103716925,0.005166143,0.016684499,0.1757526,0.007522846,0.19933048,0.62169266,-4.71542,95.7838,75.51817,-0.28421307,-9.777895,1.7645714,2.375385,97.425026,-4.2898126,-3.1109219,42.741652021089635,58.45342706502637,48.55887521968366,36.59050966608085,63.44463971880493,99.78910369068542,22.601054481546576,42.84710017574693,47.59226713532514,25.869947275922673,37.188049209138846,7.768014059753955,62.98769771528999,78.45342706502637,89.9121265377856,98.31282952548331,81.96836555360282,95.99297012302286,62.98769771528999,79.0158172231986,62.49560632688929,95.57117750439369,22.073813708260108,32.970123022847105,74.0597539543058,97.15289982425308,7.732864674868191,43.30404217926187,79.82425307557118,83.12829525483305,31.493848857644995,33.98945518453427,35.430579964850615,84.56942003514939,74.0597539543058,45.061511423550094,38.94551845342707,51.35325131810194,71.8804920913884,25.65905096660809,11.142355008787348,68.47100175746925,65.5536028119508,86.67838312829527,82.63620386643234,21.61687170474517,72.19683655536029,12.583479789103691,68.40070298769773,83.83128295254834,26.5377855887522,9.279437609841828
296.779,2.5219200000000006,3,1,4.0,0.9429474911006424,0,59.06,0,0,0,0.072078966,0.8917117,0.88239384,0.83938247,0.975265,0.22009575,0.82386905,0.10212388,0.23849049,0.47556216,0.9320285,0.12347649,0.042373776,0.82887876,0.99999964,0.00070019707,0.008221569,0.1634945,0.18217206,0.003593532,0.039221566,0.001360329,0.9675759,0.12382255,0.07597338,0.0033139295,0.027746264,0.028971002,0.0035862229,0.26204592,0.4810821,-4.654738,96.42702,62.337105,2.6956208,-9.7198105,1.706605,1.9593652,78.86165,-3.018515,-2.3899784,39.57820738137083,52.829525483304046,32.653778558875224,36.59050966608085,63.44463971880493,100.00000000000001,22.601054481546576,37.732864674868196,47.59226713532514,25.869947275922673,37.188049209138846,19.894551845342708,67.48681898066785,72.61862917398946,92.33743409490334,98.98066783831284,74.09490333919157,96.90685413005274,48.08435852372584,73.74340949033393,53.00527240773287,95.99297012302286,38.10193321616872,27.87346221441125,74.97363796133568,98.98066783831284,3.5149384885764503,13.708260105448156,78.5237258347979,84.71001757469244,12.72407732864675,12.302284710017576,22.776801405975398,85.97539543057998,55.43057996485062,37.04745166959579,31.564147627416524,60.66783831282953,46.889279437609844,16.133567662565905,16.660808435852374,61.75746924428823,70.12302284710019,86.92442882249561,76.13356766256591,26.678383128295255,72.37258347978911,10.790861159929703,61.75746924428823,54.833040421792624,52.40773286467487,14.13005272407733
337.198,3.1215800000000007,3,1,4.0,0.9354701299719234,0,69.96000000000001,0,0,0,0.013186944,0.56204975,0.8993292,0.60376394,0.7245101,0.49760494,0.7543763,0.10149771,0.102677725,0.4589243,0.2649637,0.26184922,0.039777763,0.94609374,0.9996605,0.010593398,0.04114131,0.12941328,0.10141474,0.041987576,0.17212597,0.05608697,0.8556342,0.28613418,0.18026105,0.018153206,0.02299481,0.46048984,0.06366601,0.2521674,0.24188283,-4.6907263,43.65489,23.87727,53.54168,-11.768865,2.402515,2.808923,96.183235,-4.833109,0.6629344,50.72056239015818,62.882249560632694,32.653778558875224,36.59050966608085,63.44463971880493,99.96485061511424,22.601054481546576,46.57293497363796,47.59226713532514,25.869947275922673,37.188049209138846,3.3743409490333924,37.644991212653785,78.5237258347979,84.04217926186293,92.51318101933217,98.31282952548331,95.67662565905097,47.873462214411255,60.77328646748683,51.28295254833041,71.95079086115993,71.10720562390159,26.115992970123024,89.87697715289983,65.37785588752197,48.68189806678384,70.01757469244289,74.97363796133568,75.2548330404218,71.66959578207381,79.5079086115993,81.65202108963094,58.101933216168725,68.08435852372584,59.12126537785589,62.67135325131811,57.68014059753955,86.1511423550088,64.21792618629175,15.85237258347979,45.834797891036914,67.38137082601055,59.472759226713535,48.1195079086116,82.98769771528998,56.871704745166966,47.240773286467494,76.2390158172232,81.15992970123024,17.012302284710017,42.14411247803164
281.308,2.6351000000000013,3,1,4.0,0.9369452447379407,0,55.4,0,0,0,0.008967777,0.88369495,0.9101659,0.81043845,0.91922677,0.3351553,0.7478714,0.1317322,0.2622048,0.4253497,0.59626436,0.113576606,0.033494186,0.82977664,0.999998,0.0011630892,0.016357725,0.099325135,0.08098924,0.007865215,0.081244186,0.0030686907,0.9536745,0.19565703,0.06062337,0.00311753,0.0110570695,0.1203136,0.0042280173,0.21437052,0.3834068,-4.62889,87.95019,60.440086,8.86746,-9.6137705,1.8896427,2.7274945,98.24127,-4.4520354,-2.6643844,35.114235500878735,55.149384885764505,32.653778558875224,36.59050966608085,63.44463971880493,99.96485061511424,22.601054481546576,34.72759226713533,47.59226713532514,25.869947275922673,37.188049209138846,2.390158172231986,66.46748681898067,82.70650263620388,91.493848857645,97.50439367311073,91.24780316344464,95.53602811950792,56.90685413005273,75.46572934973639,48.33040421792619,85.51845342706504,34.58699472759227,22.073813708260108,75.1493848857645,96.27416520210897,6.6783831282952555,33.49736379613357,71.0017574692443,72.05623901581723,28.96309314586995,46.151142355008794,36.520210896309315,80.38664323374341,61.89806678383129,31.77504393673111,30.720562390158175,42.95254833040422,66.81898066783832,18.34797891036907,12.759226713532515,56.8365553602812,71.73989455184535,83.40949033391917,75.2548330404218,37.85588752196837,73.00527240773287,18.34797891036907,74.76274165202109,85.30755711775045,23.51493848857645,11.915641476274166
273.317,1.43178,4,1,4.0,0.9131127818984572,0,82.85000000000001,0,0,0,0.0513575,0.7751355,0.8706385,0.60974616,0.7328009,0.30616003,0.55589324,0.10283264,0.1581945,0.40148562,0.70561934,0.19183417,0.067913935,0.8440919,0.9999908,0.0029317052,0.015267,0.11489062,0.09682633,0.005026604,0.047814332,0.002288014,0.88074505,0.06546704,0.068979934,0.005044677,0.02949985,0.019023128,0.007064438,0.25312215,0.2760476,-4.6637,62.49873,36.93576,-3.1340985,-11.332058,1.9899486,1.0131961,60.697277,-2.7607946,-6.195853,32.93497363796134,37.04745166959579,48.55887521968366,36.59050966608085,63.44463971880493,99.7188049209139,22.601054481546576,55.99297012302285,47.59226713532514,25.869947275922673,37.188049209138846,13.532513181019333,54.93848857644992,68.7170474516696,84.28822495606327,92.5834797891037,88.15465729349737,91.59929701230229,48.2249560632689,68.18980667838314,46.08084358523726,88.43585237258348,56.871704745166966,39.89455184534271,76.13356766256591,90.82601054481547,17.223198594024606,31.177504393673114,72.89982425307558,74.79789103690686,18.629173989455186,19.226713532513184,30.931458699472763,62.00351493848858,48.611599297012305,34.235500878734626,38.48857644991213,61.72231985940247,42.14411247803164,25.06151142355009,15.957820738137084,48.75219683655536,69.42003514938489,71.07205623901582,59.472759226713535,16.871704745166962,60.562390158172235,23.12829525483304,45.58875219683656,36.836555360281196,56.555360281195085,2.0738137082601056
329.343,3.144800000000002,2,1,4.0,0.9158765932218851,0,46.17,0,0,0,0.22862561,0.9612325,0.8405636,0.89660805,0.9585012,0.21103129,0.68419105,0.22296417,0.35094267,0.665988,0.80807674,0.1598203,0.059483778,0.75021565,0.9999973,0.0035770093,0.017407788,0.15528601,0.14795645,0.009826301,0.08423188,0.0054735327,0.97831947,0.3919665,0.12852584,0.008779645,0.027873045,0.1609737,0.014144873,0.45603538,0.6390227,-4.451087,114.46134,94.4193,19.978315,-6.2385697,2.0269344,3.3938873,93.02817,-4.6235986,0.27596632,48.99824253075572,63.198594024604574,17.10017574692443,36.59050966608085,63.44463971880493,99.7188049209139,22.601054481546576,27.275922671353253,47.59226713532514,25.869947275922673,37.188049209138846,51.3884007029877,81.93321616871705,60.35149384885765,94.76274165202109,98.45342706502637,72.26713532513182,94.37609841827769,70.54481546572936,79.78910369068542,76.20386643233743,91.66959578207383,48.57644991212654,36.203866432337435,69.17398945518454,95.64147627416521,20.667838312829527,35.67662565905097,77.60984182776802,81.58172231985941,35.07908611599297,47.557117750439375,47.0298769771529,91.95079086115994,73.42706502636204,50.43936731107206,47.978910369068544,60.80843585237259,70.50966608084359,35.36028119507909,41.23022847100176,69.42003514938489,84.92091388400704,91.91564147627417,88.68189806678384,57.785588752196844,90.29876977152901,24.780316344463973,86.85413005272409,74.51669595782074,20.45694200351494,37.82073813708261
287.262,2.904700000000001,2,1,4.0,0.9431302915608814,0,46.17,0,0,0,0.016740246,0.91943103,0.87959015,0.81495124,0.9278742,0.34033468,0.7413829,0.12633227,0.20024073,0.4415289,0.508959,0.13721894,0.030446406,0.82837373,0.9999979,0.0018374019,0.01816989,0.10197016,0.07970769,0.008421424,0.093409315,0.005451314,0.957652,0.20856893,0.07885505,0.0038412362,0.01346231,0.13800044,0.008427139,0.28155857,0.33502886,-4.376483,65.86687,42.091835,20.557476,-7.788742,2.242044,2.4178858,90.579926,-4.0458016,-0.75656444,36.555360281195085,59.964850615114244,17.10017574692443,36.59050966608085,63.44463971880493,100.00000000000001,22.601054481546576,27.275922671353253,47.59226713532514,25.869947275922673,37.188049209138846,4.499121265377856,71.91564147627417,71.38840070298771,91.70474516695958,97.71528998242532,91.63444639718806,95.43057996485062,54.833040421792624,71.31810193321617,49.701230228471005,82.98769771528998,42.39015817223199,19.43760984182777,74.86818980667839,96.27416520210897,10.826010544815468,36.94200351493849,71.31810193321617,71.77504393673111,30.650263620386646,53.32161687170475,46.95957820738138,81.8980667838313,62.98769771528999,38.17223198594025,34.27065026362039,46.81898066783832,68.50615114235501,27.029876977152902,19.015817223198596,53.25131810193322,88.50615114235502,72.9701230228471,63.23374340949034,58.76977152899825,84.92091388400704,37.53954305799649,69.27943760984184,70.47451669595783,31.528998242530758,27.838312829525485
336.62700000000007,4.447600000000001,2,1,4.0,0.899900864260754,0,46.17,0,0,0,0.006346889,0.81165093,0.7829255,0.96118927,0.985092,0.27830786,0.9373449,0.09096017,0.6723083,0.44653255,0.7498887,0.1562447,0.023287777,0.8696025,0.99999684,0.0021056011,0.015683291,0.21973014,0.23628291,0.022404868,0.13647646,0.015224683,0.9221535,0.42184854,0.18229488,0.004692336,0.0425959,0.56059086,0.042613763,0.3221603,0.5227545,-4.775828,74.68673,51.103825,106.69236,-9.419423,2.0944412,3.3399224,97.55504,-5.0805626,7.29918,50.72056239015818,83.16344463971882,17.10017574692443,36.59050966608085,63.44463971880493,99.08611599297014,22.601054481546576,27.275922671353253,47.59226713532514,25.869947275922673,37.188049209138846,1.7574692442882252,58.34797891036907,47.34622144112478,97.64499121265379,99.33216168717048,84.28822495606327,98.69947275922672,44.71001757469244,89.52548330404218,50.22847100175748,89.701230228471,47.34622144112478,14.586994727592268,78.84007029876977,95.3602811950791,12.196836555360282,31.950790861159934,82.24956063268894,88.68189806678384,57.469244288224964,71.28295254833041,64.28822495606327,70.05272407732865,74.72759226713534,59.40246045694201,37.53954305799649,68.92794376098419,89.94727592267137,57.469244288224964,24.077328646748683,64.11247803163445,61.40597539543059,77.22319859402461,69.49033391915643,95.2548330404218,74.09490333919157,28.119507908611602,85.65905096660809,84.04217926186293,13.145869947275925,82.91739894551846
298.386,3.630340000000002,3,1,4.0,0.9368614242636106,0,41.57,0,0,0,0.49861297,0.91245145,0.9087669,0.9429752,0.9169739,0.1595855,0.4593273,0.30080247,0.28841537,0.7306706,0.8673604,0.040104996,0.120501064,0.81368893,0.9999981,0.004876888,0.04144782,0.78660184,0.27045894,0.033406705,0.17991677,0.005869611,0.9768492,0.6994446,0.28378525,0.097313106,0.057643093,0.43749112,0.049042735,0.3717307,0.8485966,-4.7334228,139.00497,122.18252,29.212976,-8.0136795,1.779397,3.6202598,97.58171,-5.1873236,3.9617677,39.89455184534271,71.45869947275924,32.653778558875224,36.59050966608085,63.44463971880493,99.96485061511424,22.601054481546576,24.305799648506152,47.59226713532514,25.869947275922673,37.188049209138846,78.98066783831284,70.7908611599297,82.35500878734622,96.87170474516697,97.46924428822497,59.332161687170476,88.40070298769773,76.94200351493849,76.52021089630932,84.88576449912128,93.46221441124781,14.376098418277682,55.81722319859403,73.70826010544816,96.3444639718805,27.205623901581724,70.22847100175747,98.24253075571178,90.65026362038665,65.90509666080844,80.73813708260106,48.295254833040424,91.38840070298771,85.27240773286468,69.52548330404218,85.41300527240774,75.21968365553603,85.16695957820738,59.929701230228474,30.404217926186295,82.7768014059754,64.18277680140598,96.41476274165203,93.70826010544816,68.15465729349737,83.69068541300528,13.11072056239016,90.15817223198594,84.07732864674868,11.739894551845344,69.10369068541301
300.742,2.3526000000000007,3,1,4.0,0.9427092247388118,0,59.06,0,0,0,0.03562259,0.89037687,0.9226805,0.6988436,0.86367786,0.25560975,0.47297937,0.09342307,0.1411117,0.3847978,0.68712467,0.18415283,0.03971269,0.838009,0.99999934,0.0006914894,0.0061768224,0.061247338,0.077199176,0.001657404,0.027799815,0.000789959,0.94829386,0.0379493,0.038201567,0.0015555217,0.013217324,0.009970124,0.0021112033,0.24285412,0.31570864,-4.520059,79.64187,44.822865,27.353107,-9.225603,1.9273008,2.3045352,80.55833,-3.1014316,2.5241306,40.63268892794377,49.73637961335677,32.653778558875224,36.59050966608085,63.44463971880493,100.00000000000001,22.601054481546576,37.732864674868196,47.59226713532514,25.869947275922673,37.188049209138846,9.490333919156416,67.27592267135326,87.06502636203867,87.48681898066785,96.48506151142355,80.91388400702988,88.99824253075572,45.342706502636204,66.32688927943761,44.67486818980668,87.97891036906854,54.79789103690686,26.115992970123024,75.64147627416521,98.20738137082601,3.5149384885764503,9.068541300527242,65.5536028119508,71.21265377855889,4.6045694200351495,4.991212653778559,16.274165202108964,77.85588752196837,43.30404217926187,20.984182776801408,20.738137082601057,46.36203866432338,35.746924428822496,10.298769771528999,15.043936731107207,51.59929701230229,80.66783831282953,79.57820738137083,65.20210896309315,66.36203866432338,75.60632688927944,20.246045694200355,67.48681898066785,56.41476274165203,50.54481546572936,59.26186291739895
265.4,5.120620000000004,1,1,3.0,0.7907791865276834,1,12.03,0,0,0,0.21886429,0.9674656,0.6506565,0.8435122,0.9549459,0.09257541,0.5592952,0.1630725,0.76746035,0.5181052,0.84491616,0.033358436,0.042526346,0.24166265,0.9999999,0.0013473311,0.016562382,0.14981769,0.18625717,0.038332805,0.17502154,0.0031855819,0.94951993,0.61717397,0.19664891,0.0033185915,0.1226246,0.3829507,0.016157234,0.74311405,0.8660291,-4.873004,138.01685,121.72095,57.16033,-5.2211165,1.9216754,4.1703215,100.82396,-5.7319,9.643309,31.212653778558877,89.52548330404218,6.854130052724078,36.59050966608085,20.0,87.55711775043937,55.32513181019333,6.39718804920914,47.59226713532514,25.869947275922673,37.188049209138846,49.84182776801406,84.32337434094904,27.135325131810195,92.5834797891037,98.31282952548331,34.86818980667839,91.66959578207383,62.84710017574693,92.61862917398946,58.03163444639719,92.79437609841828,13.075571177504395,27.978910369068544,38.59402460456943,99.40246045694201,7.873462214411249,34.059753954305805,77.11775043936731,85.16695957820738,69.56063268892795,80.03514938488577,37.11775043936731,78.34797891036908,81.96836555360282,61.05448154657294,31.599297012302287,86.85413005272409,82.98769771528998,37.99648506151143,78.03163444639719,83.93673110720563,54.376098418277685,96.30931458699473,93.67311072056239,84.60456942003516,92.79437609841828,19.929701230228474,96.52021089630932,90.47451669595783,6.080843585237259,89.38488576449913
321.732,3.250700000000002,3,1,4.0,0.940024599373032,1,59.31,0,0,0,0.07241352,0.9008237,0.77533716,0.9114569,0.98553485,0.22217974,0.88425654,0.102529325,0.3134028,0.54818505,0.76862884,0.19265191,0.027233269,0.8284504,0.9999981,0.0021615094,0.0091695795,0.1771122,0.20745882,0.012356611,0.09160763,0.0103665,0.96988785,0.2358956,0.1534175,0.0066832704,0.047006123,0.21880145,0.020969113,0.43720713,0.4143781,-4.391401,77.58686,53.954693,46.22341,-7.826867,2.268989,2.956325,88.1725,-3.8911166,4.163243,47.27592267135326,65.20210896309315,32.653778558875224,36.59050966608085,63.44463971880493,99.96485061511424,55.32513181019333,38.13708260105449,47.59226713532514,25.869947275922673,37.188049209138846,19.929701230228474,68.78734622144113,45.9402460456942,95.2548330404218,99.33216168717048,74.41124780316345,97.99648506151144,48.1195079086116,77.78558875219684,60.98418277680141,90.15817223198594,57.22319859402461,17.258347978910372,74.97363796133568,96.3444639718805,12.618629173989456,16.30931458699473,79.47275922671353,86.92442882249561,41.511423550087876,52.056239015817226,58.59402460456943,87.31107205623903,64.60456942003516,55.11423550087874,43.2688927943761,71.21265377855889,74.97363796133568,43.16344463971881,38.91036906854131,58.31282952548331,88.01405975395431,78.66432337434095,71.52899824253076,79.5079086115993,84.67486818980669,39.12126537785589,78.91036906854131,66.50263620386644,34.481546572934974,70.19332161687171
254.28900000000002,2.8973000000000013,2,2,4.0,0.8843772868530373,0,58.2,0,0,0,0.16250099,0.76274693,0.9302068,0.5232143,0.2617427,0.3944834,0.16124769,0.1159118,0.045695435,0.3899189,0.023977552,0.20076673,0.106924556,0.89629996,0.9991449,0.01166757,0.05482319,0.3028212,0.030607183,0.053949237,0.35809144,0.037858285,0.82346404,0.16072762,0.18024985,0.0632434,0.018143132,0.28864473,0.059615128,0.44695002,0.24980387,-4.673468,65.02344,23.316227,26.54309,-13.456072,1.750144,2.2355416,82.42406,-3.9612877,1.3546702,28.295254833040424,59.75395430579965,17.10017574692443,61.37082601054482,63.44463971880493,98.10193321616873,22.601054481546576,36.73110720562391,47.59226713532514,25.869947275922673,37.188049209138846,39.68365553602812,53.919156414762746,89.94727592267137,81.61687170474518,71.03690685413005,95.11423550087875,72.61862917398946,51.739894551845346,47.732864674868196,45.061511423550094,41.968365553602816,59.43760984182777,52.5834797891037,82.46045694200352,57.53954305799649,51.423550087873465,79.78910369068542,86.85413005272409,55.95782073813709,76.87170474516697,93.00527240773287,76.37961335676626,54.20035149384886,59.015817223198596,59.08611599297013,80.21089630931459,52.86467486818981,78.45342706502637,63.198594024604574,39.96485061511424,46.326889279437616,68.57644991212655,72.40773286467487,47.732864674868196,65.65905096660809,44.8506151142355,11.985940246045695,66.32688927943761,58.383128295254835,33.21616871704745,50.12302284710018
324.207,3.8609000000000027,2,1,4.0,0.9068369536290766,0,38.33,0,0,0,0.22339208,0.9541768,0.7735324,0.9443532,0.9850405,0.15199243,0.7913231,0.16616684,0.6444228,0.6575171,0.90380526,0.07420981,0.066827096,0.59012717,0.99999905,0.0035881817,0.01846408,0.31496114,0.2668759,0.024229456,0.12997198,0.009796055,0.9659754,0.48680153,0.22280104,0.021963347,0.087942325,0.3419127,0.04144811,0.52744544,0.77626395,-4.6528063,101.886734,76.91706,51.688843,-8.065688,2.2546983,3.650664,97.21361,-4.9848847,6.1499357,47.557117750439375,74.83304042179263,17.10017574692443,36.59050966608085,63.44463971880493,99.5079086115993,22.601054481546576,21.124780316344467,47.59226713532514,25.869947275922673,37.188049209138846,50.54481546572936,79.36731107205624,45.377855887521974,97.08260105448156,99.33216168717048,56.44991212653779,96.37961335676627,63.33919156414763,88.57644991212655,75.00878734622145,94.79789103690686,23.2688927943761,39.54305799648507,60.00000000000001,97.5395430579965,20.667838312829527,37.434094903339194,87.6274165202109,90.50966608084359,58.98066783831283,69.38488576449913,57.82073813708261,85.27240773286468,77.29349736379613,64.4639718804921,65.79964850615114,81.6871704745167,80.87873462214412,56.871704745166966,50.896309314587,77.15289982425308,70.19332161687171,88.85764499121267,83.09314586994728,82.2847100175747,83.44463971880492,38.242530755711776,90.54481546572936,83.47978910369069,14.727592267135327,78.98066783831284
319.38200000000006,2.4160200000000005,4,1,4.0,0.9183851031385577,0,72.47,0,0,0,0.06471141,0.9109788,0.9532795,0.5386001,0.41994438,0.5500787,0.27035168,0.21774991,0.043153297,0.5484665,0.10168661,0.3274296,0.06914924,0.92271566,0.99991,0.0059340224,0.028086424,0.067006364,0.027046347,0.006889531,0.09487583,0.011492057,0.9380066,0.17182313,0.0756287,0.007967087,0.0059635583,0.061817683,0.012229109,0.30613226,0.28392112,-4.506863,78.88997,55.032024,-7.825125,-10.886816,2.1004574,2.2207906,90.15698,-4.0758567,-5.44863,46.924428822495614,50.82601054481547,48.55887521968366,36.59050966608085,63.44463971880493,99.78910369068542,22.601054481546576,48.04920913884008,47.59226713532514,25.869947275922673,37.188049209138846,17.820738137082603,70.65026362038665,96.66080843585237,82.00351493848858,82.21441124780317,99.22671353251319,79.78910369068542,69.94727592267137,46.889279437609844,60.98418277680141,58.59402460456943,80.52724077328648,40.14059753954306,85.97539543057998,74.83304042179263,32.30228471001758,53.602811950790866,66.85413005272409,54.30579964850616,25.237258347978912,54.02460456942004,60.246045694200355,74.51669595782074,59.89455184534271,36.90685413005273,46.151142355008794,31.036906854130056,57.750439367311074,33.32161687170475,22.10896309314587,49.3145869947276,81.47627416520211,79.33216168717048,72.19683655536029,10.087873462214413,63.72583479789104,28.400702987697716,66.11599297012303,69.701230228471,30.720562390158175,2.776801405975396
277.682,3.0493000000000015,2,1,4.0,0.8577618338206185,0,46.17,0,1,1,0.117574796,0.9245261,0.9048602,0.8122465,0.5930068,0.40487733,0.4479546,0.10054664,0.013732162,0.45691317,0.07440305,0.16360447,0.021480756,0.9346836,0.999973,0.009973348,0.037039615,0.19444183,0.030642644,0.021436209,0.18982589,0.039990425,0.9567486,0.173383,0.17610525,0.046062015,0.022271316,0.1974301,0.04366061,0.50694066,0.13067012,-4.389139,124.08119,90.50719,24.084414,-7.9672365,1.5292153,2.718271,89.75897,-4.756364,-1.4224974,34.16520210896309,61.968365553602816,17.10017574692443,36.59050966608085,63.44463971880493,96.02811950790861,22.601054481546576,27.275922671353253,47.59226713532514,66.52021089630932,83.09314586994728,31.70474516695958,72.72407732864676,80.73813708260106,91.493848857645,88.36555360281196,95.46572934973639,87.90861159929702,47.76801405975396,29.349736379613358,51.07205623901582,54.1652021089631,49.84182776801406,13.567662565905097,88.01405975395431,84.60456942003516,47.34622144112478,66.18629173989456,80.66783831282953,55.99297012302285,56.27416520210897,82.10896309314587,77.11775043936731,81.47627416520211,59.964850615114244,58.31282952548331,76.06326889279438,57.04745166959579,73.77855887521969,57.750439367311074,47.697715289982426,35.114235500878735,88.08435852372584,93.81370826010546,87.90861159929702,62.741652021089635,83.83128295254834,5.869947275922672,74.72759226713534,69.10369068541301,17.961335676625662,22.49560632688928
350.19800000000004,3.941900000000002,3,1,4.0,0.9087354863901129,0,55.4,0,0,0,0.0088952,0.81026876,0.7899586,0.9684097,0.9927718,0.21347833,0.9584304,0.09958018,0.70196044,0.50683784,0.92966807,0.09942879,0.030889675,0.8836646,0.9999989,0.0013907419,0.015477335,0.3712335,0.33996317,0.015097124,0.090338156,0.0070490865,0.94372386,0.51175606,0.18705437,0.0061848513,0.042457458,0.5013585,0.029076155,0.24002779,0.624137,-4.723897,88.17782,65.67388,79.281364,-9.293543,1.9868548,3.355941,100.138054,-5.289178,3.7560906,53.53251318101934,76.41476274165203,32.653778558875224,36.59050966608085,63.44463971880493,99.57820738137083,22.601054481546576,34.72759226713533,47.59226713532514,25.869947275922673,37.188049209138846,2.390158172231986,58.13708260105449,48.85764499121266,97.99648506151144,99.57820738137083,72.75922671353251,99.12126537785589,47.59226713532514,90.43936731107206,56.8365553602812,95.99297012302286,30.017574692442885,20.0,80.31634446397189,97.5395430579965,8.189806678383128,31.423550087873465,89.49033391915643,93.91915641476275,46.924428822495614,51.17750439367312,51.81019332161688,76.27416520210897,78.24253075571178,59.89455184534271,41.82776801405976,68.89279437609842,87.87346221441126,50.298769771529,14.868189806678384,68.64674868189807,64.85061511423551,83.44463971880492,78.31282952548331,91.70474516695958,75.11423550087873,23.12829525483304,86.01054481546574,89.20913884007031,10.720562390158173,67.6274165202109
299.754,3.421000000000001,2,1,4.0,0.9400132602318418,0,46.17,0,0,0,0.12672235,0.90468913,0.7795789,0.9408183,0.9851473,0.2282929,0.85859203,0.13316515,0.76758933,0.5402921,0.8389961,0.14869621,0.075388744,0.70257694,0.99999684,0.0049263705,0.020905418,0.304317,0.33270174,0.040249936,0.20187935,0.02043799,0.9291093,0.49082246,0.27543473,0.015728643,0.09689132,0.49297744,0.053156726,0.53328955,0.70351934,-4.542947,58.180687,25.117428,30.289005,-9.371888,2.3054385,2.9978871,94.52979,-4.13625,1.3987076,40.28119507908612,67.83831282952549,17.10017574692443,36.59050966608085,63.44463971880493,99.96485061511424,22.601054481546576,27.275922671353253,47.59226713532514,25.869947275922673,37.188049209138846,33.35676625659051,69.52548330404218,46.60808435852373,96.76625659050967,99.33216168717048,75.60632688927944,97.4340949033392,57.11775043936731,92.61862917398946,60.03514938488577,92.51318101933217,45.4481546572935,42.56590509666081,66.11599297012303,95.3602811950791,27.416520210896312,42.21441124780317,86.92442882249561,93.56766256590511,70.65026362038665,83.72583479789104,68.43585237258348,72.23198594024605,77.50439367311073,68.85764499121267,60.246045694200355,83.30404217926187,87.5219683655536,61.30052724077329,51.66959578207382,72.05623901581723,78.6291739894552,69.3145869947276,49.63093145869948,68.75219683655537,74.55184534270651,41.12478031634447,79.43760984182778,77.82073813708261,29.420035149384887,50.54481546572936
280.324,2.0076199999999997,3,1,4.0,0.931636279247287,0,59.06,0,0,0,0.08859605,0.93654776,0.91032755,0.7738224,0.89569056,0.25255066,0.49595934,0.15254071,0.21584654,0.4533708,0.7814528,0.16599455,0.05649774,0.74057597,0.9999989,0.0011331419,0.009931965,0.07426173,0.08030438,0.0026010328,0.038169086,0.00103125,0.9651309,0.07369579,0.046250887,0.0023311605,0.017819898,0.013000051,0.0022980722,0.33330464,0.43508792,-4.5711737,89.37482,58.084106,1.5768505,-8.836859,1.8027399,1.9894154,74.69074,-2.984902,-2.7467532,34.833040421792624,44.67486818980668,32.653778558875224,36.59050966608085,63.44463971880493,99.92970123022847,22.601054481546576,37.732864674868196,47.59226713532514,25.869947275922673,37.188049209138846,24.74516695957821,75.1493848857645,82.74165202108964,90.19332161687171,96.97715289982426,80.28119507908612,89.66608084358525,60.94903339191565,72.05623901581723,50.61511423550088,90.50966608084359,50.75571177504394,34.797891036906854,68.29525483304043,97.5395430579965,6.39718804920914,17.891036906854133,68.01405975395431,71.84534270650265,8.1195079086116,11.56414762741652,19.086115992970125,84.88576449912128,49.701230228471005,25.30755711775044,26.01054481546573,52.40773286467487,38.20738137082601,11.142355008787348,25.237258347978912,59.648506151142364,76.20386643233743,84.04217926186293,73.81370826010546,24.88576449912127,77.57469244288225,14.165202108963094,62.35500878734623,50.82601054481547,53.11072056239016,11.388400702987699
318.3980000000001,2.36442,4,1,4.0,0.939473704208977,1,68.29,0,0,0,0.18051746,0.8941883,0.91053087,0.54606247,0.852245,0.27731237,0.54083335,0.16664305,0.0815175,0.6173531,0.7648279,0.1308395,0.057497084,0.8330513,0.9999956,0.002186334,0.013315797,0.14006525,0.10713105,0.0056455275,0.05697926,0.0028248206,0.9683634,0.20322284,0.10012349,0.007073094,0.018199641,0.05971272,0.0070143687,0.3162795,0.43995333,-4.8736925,77.26942,60.142555,-6.590585,-11.539367,2.0044537,2.1913362,85.17757,-3.3061147,-2.832417,46.5377855887522,49.876977152899826,48.55887521968366,36.59050966608085,63.44463971880493,99.96485061511424,55.32513181019333,45.377855887521974,47.59226713532514,25.869947275922673,37.188049209138846,43.23374340949034,67.7328646748682,82.7768014059754,82.24956063268894,96.06326889279438,84.11247803163445,91.21265377855889,63.374340949033396,56.62565905096661,69.49033391915643,90.12302284710019,40.38664323374341,35.21968365553603,75.3602811950791,94.1652021089631,12.829525483304044,26.46748681898067,76.4499121265378,76.16871704745168,20.808435852372586,27.451669595782075,35.32513181019333,86.39718804920915,62.46045694200352,44.32337434094904,44.04217926186292,52.89982425307558,56.97715289982426,24.88576449912127,23.374340949033392,59.824253075571185,54.376098418277685,78.59402460456943,75.07908611599298,11.56414762741652,58.558875219683664,23.83128295254833,65.62390158172232,61.511423550087876,45.86994727592268,10.93145869947276
265.309,2.934920000000001,2,1,4.0,0.9270598208986535,0,46.17,0,0,0,0.015996482,0.9188057,0.88579977,0.76124823,0.9210895,0.35497123,0.742912,0.11536199,0.1383868,0.43081015,0.40126067,0.13082737,0.025305226,0.8181361,0.99999774,0.0015273945,0.016034072,0.06630105,0.057770424,0.009460831,0.11089502,0.005994645,0.95821095,0.21236861,0.06645704,0.0031333019,0.01245002,0.12602305,0.0061528157,0.29086953,0.32132667,-4.5551276,72.36781,47.48876,8.185521,-8.971718,2.1546855,2.4357407,93.217606,-4.034759,-2.6554704,31.00175746924429,60.31634446397189,17.10017574692443,36.59050966608085,63.44463971880493,99.89455184534272,22.601054481546576,27.275922671353253,47.59226713532514,25.869947275922673,37.188049209138846,4.288224956063269,71.77504393673111,73.60281195079087,89.45518453427066,97.50439367311073,92.65377855887523,95.46572934973639,51.66959578207382,66.08084358523726,48.75219683655536,78.84007029876977,40.38664323374341,16.133567662565905,74.09490333919157,95.92267135325133,8.998242530755713,32.75922671353251,66.71353251318102,66.60808435852373,34.09490333919157,61.82776801405976,48.57644991212654,82.03866432337435,63.26889279437611,33.49736379613357,30.826010544815468,45.342706502636204,67.45166959578208,22.987697715289986,20.105448154657296,52.12653778558876,77.68014059753955,75.95782073813709,66.85413005272409,36.520210896309315,76.76625659050967,31.950790861159934,69.63093145869948,74.93848857644991,31.739894551845346,11.985940246045695
295.79100000000005,3.757640000000002,2,1,4.0,0.936967069931778,0,46.17,0,0,0,0.0057929433,0.85639554,0.8680956,0.8562277,0.9698802,0.31387913,0.8787762,0.11884199,0.43491977,0.48352003,0.63981783,0.12582476,0.026207158,0.8282396,0.99999654,0.0014425433,0.01617306,0.102356054,0.13753924,0.017448306,0.11917547,0.008586263,0.94889104,0.40494952,0.104778744,0.0032153104,0.018026946,0.39752978,0.01012422,0.2605499,0.51395833,-4.9251738,93.94593,73.12884,50.35408,-9.67335,1.8864998,3.5328345,100.49632,-4.8344984,1.5704973,39.22671353251319,73.35676625659052,17.10017574692443,36.59050966608085,63.44463971880493,99.96485061511424,22.601054481546576,27.275922671353253,47.59226713532514,25.869947275922673,37.188049209138846,1.5817223198594026,62.7768014059754,68.01405975395431,92.86467486818981,98.84007029876977,88.7170474516696,97.85588752196837,52.68892794376099,83.05799648506152,53.81370826010545,86.67838312829527,38.699472759226715,16.731107205623903,74.86818980667839,94.97363796133568,8.400702987697716,32.970123022847105,71.42355008787347,80.45694200351494,50.72056239015818,65.97539543057997,55.71177504393673,78.17223198594026,74.02460456942003,45.342706502636204,31.036906854130056,52.79437609841828,83.79613356766258,29.876977152899826,16.520210896309315,63.55008787346222,50.86115992970124,85.76449912126539,81.72231985940246,81.75746924428823,72.51318101933217,18.34797891036907,89.10369068541301,90.01757469244289,17.012302284710017,51.95079086115994
296.436,2.927500000000001,3,1,4.0,0.9291165022197237,1,49.410000000000004,0,0,0,0.18516354,0.8319706,0.7514838,0.19891295,0.6604157,0.20949657,0.40025362,0.31380337,0.41871428,0.7581134,0.37198564,0.24516144,0.15112363,0.3895176,0.9998,0.013630234,0.012346122,0.035977855,0.14299291,0.08956883,0.17007948,0.037195124,0.9639765,0.5546759,0.3010164,0.012577334,0.09050684,0.47125325,0.0446062,0.6711645,0.7927646,-4.5486665,78.67705,75.150764,48.528698,-8.842068,2.682442,3.0671487,86.63719,-4.7551947,8.05345,39.5079086115993,60.246045694200355,32.653778558875224,36.59050966608085,63.44463971880493,99.92970123022847,55.32513181019333,30.404217926186295,47.59226713532514,25.869947275922673,37.188049209138846,44.3585237258348,60.52724077328647,40.98418277680141,65.5536028119508,90.57996485061513,72.16168717047452,85.72934973637962,77.60984182776802,82.67135325131811,88.2249560632689,77.60984182776802,67.80316344463972,62.108963093145874,48.99824253075572,69.27943760984184,55.88752196836556,24.463971880492092,57.750439367311074,81.12478031634447,85.30755711775045,79.36731107205624,76.13356766256591,84.32337434094904,79.68365553602813,70.54481546572936,56.13356766256591,82.07381370826012,86.74868189806679,58.24253075571178,69.45518453427066,78.38312829525483,78.10193321616872,79.26186291739896,82.49560632688929,80.7029876977153,77.57469244288225,64.85061511423551,80.94903339191565,63.76098418277681,17.961335676625662,85.16695957820738
327.192,3.6658800000000014,3,1,4.0,0.934995078878455,0,69.96,0,0,0,0.010979904,0.73617464,0.74436283,0.953348,0.9789507,0.27194992,0.9502409,0.09027826,0.5634305,0.48327208,0.8543848,0.14746986,0.029356187,0.8969919,0.9999914,0.0044124024,0.023163218,0.33028024,0.26372766,0.028252399,0.123734094,0.022058195,0.92077607,0.43559772,0.24274723,0.011541771,0.06084894,0.5708698,0.06444069,0.32346103,0.47658873,-4.637761,74.326294,49.829826,78.145966,-9.855264,2.0263739,3.068943,98.65585,-5.2866654,2.9142463,48.54130052724078,71.9859402460457,32.653778558875224,36.59050966608085,63.44463971880493,99.96485061511424,22.601054481546576,46.57293497363796,47.59226713532514,25.869947275922673,37.188049209138846,2.9525483304042184,51.59929701230229,40.03514938488577,97.22319859402461,99.05096660808437,83.51493848857646,98.87521968365554,44.56942003514939,86.95957820738138,53.81370826010545,93.11072056239017,45.237258347978916,18.840070298769774,82.60105448154658,91.07205623901582,25.27240773286468,46.326889279437616,88.18980667838314,90.36906854130054,62.21441124780317,67.38137082601055,69.66608084358525,69.59578207381371,75.04393673110721,66.22144112478033,54.55184534270651,76.09841827768015,90.61511423550088,64.60456942003516,24.323374340949037,61.40597539543059,71.14235500878735,76.90685413005274,68.54130052724078,91.493848857645,71.81019332161688,24.780316344463973,81.01933216168717,86.25659050966608,10.720562390158173,62.24956063268893
347.187,3.432380000000002,2,1,4.0,0.9213398636771514,0,52.89,0,0,0,0.17876574,0.90149623,0.7285709,0.94539416,0.9479704,0.19580358,0.81990165,0.15404207,0.25933784,0.64721227,0.7863753,0.09781964,0.042911183,0.77056056,0.9999938,0.012429233,0.037297126,0.38667473,0.21137309,0.0422849,0.18341212,0.03010029,0.9568831,0.40688553,0.28986898,0.06011772,0.10253455,0.3726216,0.09263088,0.5371076,0.50665647,-4.3667397,105.11287,78.213356,25.86939,-8.2519245,2.2003582,3.322846,92.639656,-4.83722,0.19198112,52.86467486818981,68.01405975395431,17.10017574692443,36.59050966608085,63.44463971880493,99.78910369068542,22.601054481546576,32.829525483304046,47.59226713532514,25.869947275922673,37.188049209138846,42.84710017574693,68.89279437609842,37.39894551845343,97.08260105448156,98.13708260105449,68.6115992970123,96.83655536028121,61.335676625659055,75.39543057996485,73.42706502636204,90.75571177504395,29.420035149384887,28.224956063268895,70.33391915641477,92.93497363796135,53.35676625659051,66.46748681898067,89.98242530755712,87.20562390158173,71.8804920913884,81.26537785588754,73.53251318101934,81.54657293497364,74.02460456942003,69.8066783831283,79.47275922671353,84.25307557117752,82.60105448154658,71.95079086115993,51.95079086115994,63.057996485061516,89.06854130052724,89.56063268892795,83.65553602811951,65.09666080843586,82.03866432337435,34.90333919156415,85.37785588752197,73.88400702987698,16.871704745166962,36.871704745166966
304.173,4.267200000000001,1,1,4.0,0.9012952363804508,1,29.1,0,0,0,0.041421723,0.9160142,0.8082986,0.97611177,0.971742,0.18815927,0.75667316,0.11815683,0.56851447,0.4603874,0.40149394,0.0986023,0.024376372,0.6873761,0.99999857,0.002805927,0.018892337,0.26404777,0.15790978,0.044169657,0.21038947,0.017096428,0.9553088,0.26753363,0.20681033,0.01246952,0.06885319,0.5846247,0.05156737,0.5895519,0.48227066,-4.6293626,105.647385,75.7148,79.49579,-7.643262,2.112339,3.7494245,95.011215,-5.0023584,9.90004,41.82776801405976,81.05448154657294,6.854130052724078,36.59050966608085,63.44463971880493,99.15641476274166,55.32513181019333,14.253075571177506,47.59226713532514,25.869947275922673,37.188049209138846,11.072056239015819,71.28295254833041,52.44288224956064,98.34797891036908,98.87521968365554,67.17047451669596,95.71177504393674,52.30228471001758,87.02987697715291,51.35325131810194,78.87521968365554,29.666080843585238,15.465729349736382,64.9560632688928,96.94200351493849,16.414762741652023,38.17223198594025,85.4481546572935,82.60105448154658,72.79437609841828,84.71001757469244,65.76449912126539,81.12478031634447,66.88927943760984,62.39015817223199,55.99297012302285,78.20738137082601,90.86115992970124,60.98418277680141,58.94551845342707,61.792618629173994,71.66959578207381,89.87697715289983,82.7768014059754,91.73989455184535,85.62390158172232,29.349736379613358,91.63444639718806,78.87521968365554,14.305799648506152,89.77152899824254
309.40899999999993,4.202600000000004,2,0,4.0,0.8500462792079873,1,29.540000000000003,0,0,0,0.06706568,0.99001455,0.7166336,0.870176,0.98214895,0.15628776,0.8225673,0.124565855,0.15981814,0.6129143,0.4189536,0.048576143,0.015481934,0.5091688,0.9999999,0.00059866015,0.008584532,0.041066177,0.043035142,0.014255697,0.17692955,0.006063755,0.9890809,0.4799064,0.07447896,0.0038244496,0.022252576,0.13547131,0.0038419433,0.5521234,0.5991901,-4.590403,141.6481,116.043594,2.8456268,-5.674807,2.1060424,3.7174847,95.535446,-4.387037,-0.30045015,43.47978910369069,79.89455184534272,17.10017574692443,11.63444639718805,63.44463971880493,95.18453427065027,55.32513181019333,15.413005272407734,47.59226713532514,25.869947275922673,37.188049209138846,18.277680140597543,96.48506151142355,35.39543057996485,93.46221441124781,99.22671353251319,58.13708260105449,96.90685413005274,54.235500878734626,68.36555360281196,69.06854130052724,79.64850615114236,16.028119507908613,10.22847100175747,55.99297012302285,99.40246045694201,2.9173989455184537,14.833040421792619,59.507908611599305,60.878734622144115,45.659050966608085,80.21089630931459,48.75219683655536,96.90685413005274,76.94200351493849,36.203866432337435,34.20035149384886,57.04745166959579,68.2249560632689,16.906854130052725,54.41124780316345,67.31107205623903,74.79789103690686,96.90685413005274,92.93497363796135,26.818980667838314,91.95079086115994,28.717047451669597,91.21265377855889,79.78910369068542,24.639718804920918,32.61862917398946
325.817,3.847920000000002,3,1,4.0,0.9080917906530769,0,55.400000000000006,0,0,0,0.015037337,0.8749512,0.8380191,0.8639492,0.97167474,0.26118988,0.8652924,0.14444193,0.50890243,0.5497209,0.8222124,0.107427284,0.039305575,0.8129525,0.99999774,0.0016840154,0.016670883,0.1791862,0.17766817,0.012297469,0.08735299,0.007939878,0.95193446,0.52348804,0.13216099,0.0039834995,0.024641918,0.31428236,0.01914819,0.25869793,0.6334752,-4.657881,93.99216,69.10564,40.939224,-8.822034,1.8634495,3.0540092,99.22664,-4.6557026,1.4257028,48.295254833040424,74.51669595782074,32.653778558875224,36.59050966608085,63.44463971880493,99.5079086115993,22.601054481546576,34.76274165202109,47.59226713532514,25.869947275922673,37.188049209138846,3.9015817223198597,65.02636203866433,59.85940246045695,93.21616871704747,98.87521968365554,82.07381370826012,97.57469244288225,59.332161687170476,85.5536028119508,61.195079086115996,92.05623901581723,32.72407732864675,25.97539543057997,73.60281195079087,95.92267135325133,9.947275922671354,34.27065026362039,79.57820738137083,84.39367311072057,41.40597539543058,49.595782073813716,53.919156414762746,79.6133567662566,78.80492091388402,51.31810193321618,34.93848857644991,58.699472759226715,79.75395430579965,40.91388400702988,16.30931458699473,69.03339191564149,69.8066783831283,85.76449912126539,80.42179261862918,76.27416520210897,77.57469244288225,16.766256590509666,80.56239015817224,87.34622144112478,19.75395430579965,50.82601054481547
296.779,2.5219200000000006,3,1,4.0,0.9429474911006424,0,59.06,0,0,0,0.11404631,0.94860685,0.93582356,0.714437,0.7978188,0.32594913,0.30808297,0.20316896,0.15861948,0.5199621,0.43284887,0.24620621,0.06965681,0.7662667,0.9999979,0.0012908835,0.008563379,0.07580196,0.040566493,0.002099081,0.03975302,0.001321025,0.97055614,0.05417232,0.038512595,0.0024092623,0.00964895,0.011599489,0.002854494,0.37293896,0.40103993,-4.661131,82.41565,49.89868,18.838541,-9.938323,1.9133987,2.264742,83.02734,-3.1195698,1.3644489,39.57820738137083,52.829525483304046,32.653778558875224,36.59050966608085,63.44463971880493,100.00000000000001,22.601054481546576,37.732864674868196,47.59226713532514,25.869947275922673,37.188049209138846,30.966608084358526,77.9261862917399,91.66959578207383,88.08435852372584,94.51669595782074,90.26362038664324,81.61687170474518,68.2249560632689,68.2249560632689,58.03163444639719,79.89455184534272,67.90861159929702,40.31634446397189,70.12302284710019,96.27416520210897,7.4165202108963095,14.762741652021091,68.18980667838314,60.00000000000001,6.4323374340949035,12.79437609841828,22.460456942003518,87.87346221441126,46.67838312829526,21.23022847100176,26.60808435852373,40.597539543058,36.977152899824254,13.532513181019333,30.509666080843587,57.750439367311074,69.66608084358525,80.84358523725835,68.6115992970123,56.20386643233744,71.31810193321617,19.507908611599298,66.78383128295255,59.08611599297013,49.98242530755712,50.298769771529
266.297,2.3299200000000004,3,1,4.0,0.9271527736697044,0,59.06,0,0,0,0.0036100927,0.7660403,0.9613105,0.29677737,0.43947396,0.51099724,0.3055055,0.09832044,0.030601218,0.34165457,0.060043633,0.23418324,0.038573742,0.90073776,0.99996936,0.0012316315,0.010945372,0.018876549,0.016884753,0.0046052136,0.058806013,0.003741864,0.89563197,0.031000208,0.028997729,0.0018200504,0.0039121537,0.030069727,0.0026493915,0.13430591,0.123790786,-4.779027,46.17634,25.349596,9.761328,-10.533426,2.121819,1.7737668,92.65444,-3.651504,-1.5309007,31.247803163444644,49.17398945518454,32.653778558875224,36.59050966608085,63.44463971880493,99.89455184534272,22.601054481546576,37.732864674868196,47.59226713532514,25.869947275922673,37.188049209138846,0.9841827768014061,54.059753954305805,98.24253075571178,72.47803163444641,82.95254833040423,98.5237258347979,81.47627416520211,47.31107205623902,41.26537785588753,41.23022847100176,52.02108963093146,66.11599297012303,25.51845342706503,82.91739894551846,83.93673110720563,7.029876977152901,20.351493848857647,48.611599297012305,47.80316344463972,16.906854130052725,29.701230228471005,40.421792618629176,64.60456942003516,41.72231985940246,15.500878734622145,22.95254833040422,23.72583479789104,47.59226713532514,12.79437609841828,5.834797891036907,34.09490333919157,61.15992970123023,61.05448154657294,49.98242530755712,39.43760984182777,66.50263620386644,29.701230228471005,58.101933216168725,73.95430579964851,39.29701230228471,21.511423550087876
273.307,3.460040000000002,2,1,4.0,0.9260572827477447,0,38.33,0,0,0,0.10064478,0.9697798,0.89246446,0.8331763,0.9198866,0.23494148,0.55496037,0.17682888,0.041772805,0.6509415,0.32786992,0.047352258,0.024344739,0.74624026,0.99999917,0.0018400874,0.025479365,0.12707455,0.05686255,0.01600508,0.15703918,0.011375057,0.9841422,0.36855903,0.09275681,0.020150436,0.01789926,0.17087188,0.0125059355,0.38729635,0.44438726,-4.4615297,128.02255,106.76622,3.6258614,-5.7722907,2.2736144,3.4107194,94.54384,-4.775344,-2.2949312,32.93497363796134,68.47100175746925,17.10017574692443,36.59050966608085,63.44463971880493,99.89455184534272,22.601054481546576,21.124780316344467,47.59226713532514,25.869947275922673,37.188049209138846,27.48681898066784,85.41300527240774,76.02811950790861,92.12653778558877,97.50439367311073,76.97715289982426,91.56414762741653,64.92091388400704,46.50263620386644,73.95430579964851,75.53602811950792,15.817223198594027,15.465729349736382,68.8224956063269,97.64499121265379,10.826010544815468,49.8066783831283,74.55184534270651,66.32688927943761,48.40070298769772,76.62565905096662,59.964850615114244,94.86818980667839,72.26713532513182,42.07381370826011,64.42882249560633,52.5834797891037,71.52899824253076,33.743409490333924,32.12653778558875,60.07029876977153,84.39367311072057,94.65729349736381,91.24780316344464,28.541300527240775,91.73989455184535,39.36731107205624,87.10017574692444,77.82073813708261,17.785588752196837,14.903339191564148
299.754,3.5883200000000013,2,1,4.0,0.9412033657392526,0,46.17,0,0,0,0.0066491724,0.86558694,0.8677141,0.9115752,0.9697205,0.33459178,0.875264,0.12733337,0.44674635,0.48364592,0.5885381,0.13867712,0.02879556,0.8381454,0.999996,0.0017554432,0.018065043,0.12358813,0.14090265,0.021061115,0.14054254,0.010218193,0.946483,0.37694293,0.11322637,0.0044839764,0.020278838,0.43113104,0.013648366,0.269752,0.49638826,-4.714075,74.85188,52.625732,54.284924,-9.699403,2.2159734,3.4492931,99.22612,-4.9821906,2.0451956,40.28119507908612,70.72056239015818,17.10017574692443,36.59050966608085,63.44463971880493,100.00000000000001,22.601054481546576,27.275922671353253,47.59226713532514,25.869947275922673,37.188049209138846,1.8629173989455186,63.72583479789104,67.90861159929702,95.2548330404218,98.84007029876977,91.17750439367312,97.71528998242532,55.39543057996485,83.44463971880492,53.81370826010545,85.27240773286468,42.6713532513181,18.383128295254835,75.64147627416521,94.55184534270651,10.369068541300528,36.836555360281196,73.95430579964851,80.91388400702988,55.782073813708266,72.16168717047452,58.45342706502637,77.18804920913885,72.65377855887523,47.59226713532514,36.94200351493849,55.39543057996485,84.92091388400704,34.97363796133568,17.469244288224957,62.741652021089635,65.76449912126539,77.29349736379613,70.57996485061513,83.3743409490334,72.37258347978911,35.85237258347979,87.87346221441126,87.34622144112478,14.762741652021091,55.782073813708266
373.2610000000001,3.252600000000001,3,1,4.0,0.8750799388451138,0,66.48,0,0,0,0.10232779,0.8324558,0.7553713,0.8341818,0.98167115,0.33522946,0.9022749,0.10501325,0.6003788,0.5848657,0.6680616,0.3335275,0.061503403,0.85586053,0.999949,0.0075289398,0.011214545,0.24337351,0.25467518,0.03720449,0.16549064,0.06042725,0.9151986,0.46796805,0.34993532,0.021415276,0.08198968,0.510633,0.08639367,0.4842345,0.58004683,-4.743005,114.550316,93.98047,59.744976,-9.465639,1.9127862,3.6251838,100.20712,-5.221822,4.5101876,59.367311072056246,65.23725834797892,32.653778558875224,36.59050966608085,63.44463971880493,97.4340949033392,22.601054481546576,44.18277680140598,47.59226713532514,25.869947275922673,37.188049209138846,28.049209138840073,60.597539543058005,41.72231985940246,92.16168717047452,99.19156414762743,91.24780316344464,98.13708260105449,48.75219683655536,87.80316344463972,65.65905096660809,87.41652021089632,81.44112478031636,37.04745166959579,77.11775043936731,79.68365553602813,39.40246045694201,21.23022847100176,84.04217926186293,89.87697715289983,68.99824253075572,78.45342706502637,82.42530755711776,68.64674868189807,76.59050966608085,74.34094903339192,65.41300527240774,80.8084358523726,88.40070298769773,70.50966608084359,44.67486818980668,66.71353251318102,63.33919156414763,91.95079086115994,88.64674868189807,85.83479789103691,73.88400702987698,19.507908611599298,90.19332161687171,89.34973637961336,11.388400702987699,71.91564147627417
267.29499999999996,1.7222999999999997,2,2,4.0,0.817515099710188,1,44.370000000000005,0,0,0,0.1376454,0.958012,0.8655284,0.02895857,0.048251696,0.10127993,0.0050018816,0.40685216,0.1548424,0.33231613,0.0034401335,0.25965106,0.12669931,0.072279826,0.9985444,0.0034955987,0.01101652,0.0035981864,0.0022826109,0.0062777414,0.07503006,0.00081408024,0.92384446,0.013417475,0.030533433,0.00068257103,0.0037963516,0.0051943683,0.002774332,0.7447175,0.3570841,-4.7765045,0.99052507,-16.748795,23.263699,-10.054506,2.7429893,0.30414993,22.965473,-1.1315787,4.8648076,31.634446397188054,40.421792618629176,17.10017574692443,61.37082601054482,63.44463971880493,91.38840070298771,55.32513181019333,26.46748681898067,47.59226713532514,25.869947275922673,37.188049209138846,35.64147627416521,80.63268892794378,67.38137082601055,40.91388400702988,39.789103690685415,37.68014059753955,22.49560632688928,83.02284710017575,68.01405975395431,40.28119507908612,26.39718804920914,70.54481546572936,57.25834797891037,13.919156414762742,53.0755711775044,20.281195079086118,20.667838312829527,22.63620386643234,20.14059753954306,23.163444639718808,42.53075571177505,16.660808435852374,70.57996485061513,35.465729349736385,16.414762741652023,11.24780316344464,23.02284710017575,29.103690685413007,13.216168717047452,78.31282952548331,55.07908611599297,61.26537785588753,15.571177504393674,10.650263620386644,61.968365553602816,70.43936731107206,68.64674868189807,34.72759226713533,10.579964850615115,81.96836555360282,73.77855887521969
271.707,2.5366800000000005,3,1,4.0,0.9328134956788501,0,65.78,0,0,0,0.10001787,0.8783158,0.91833735,0.9122615,0.68971574,0.39155436,0.48984495,0.18372063,0.07782395,0.5447307,0.21151896,0.19388142,0.08058884,0.90194654,0.9999062,0.00974007,0.030335808,0.34465423,0.09019934,0.022840276,0.14430512,0.03109051,0.9583381,0.12960826,0.1821259,0.0704615,0.037738692,0.17264573,0.061606877,0.36566266,0.29193506,-4.5260687,89.411224,60.475685,24.408934,-9.688583,2.1152601,2.8747401,91.39551,-4.537836,0.18959394,32.54833040421793,53.0755711775044,32.653778558875224,36.59050966608085,63.44463971880493,99.92970123022847,22.601054481546576,43.514938488576455,47.59226713532514,25.869947275922673,37.188049209138846,27.416520210896312,65.62390158172232,85.4481546572935,95.2548330404218,91.493848857645,95.04393673110721,89.56063268892795,65.65905096660809,55.922671353251324,60.562390158172235,68.64674868189807,57.57469244288225,44.67486818980668,83.05799648506152,74.58699472759227,46.71353251318102,57.08260105448155,88.75219683655537,73.81370826010546,57.85588752196837,73.00527240773287,74.0597539543058,82.07381370826012,55.99297012302285,59.40246045694201,81.33567662565906,66.6432337434095,71.73989455184535,63.690685413005276,29.560632688927946,49.876977152899826,80.03514938488577,84.07732864674868,75.2548330404218,63.33919156414763,72.44288224956064,29.455184534270654,77.3286467486819,71.91564147627417,21.93321616871705,36.871704745166966
263.699,4.0398200000000015,1,1,4.0,0.8704459114738358,0,29.1,0,0,0,0.14424878,0.9507493,0.8753929,0.9696001,0.8885387,0.25644073,0.59294254,0.16053131,0.09440303,0.5465964,0.20996907,0.08835944,0.027872875,0.8434993,0.9999973,0.0060141208,0.041854274,0.40017232,0.0821077,0.043439128,0.30671698,0.021604246,0.9754998,0.32609296,0.21373555,0.057716884,0.039089125,0.4317836,0.052340664,0.5458973,0.35562354,-4.4482384,121.81355,86.03606,50.04003,-6.497538,1.8737036,3.521719,91.64529,-4.7066813,6.0303316,30.650263620386646,77.68014059753955,6.854130052724078,36.59050966608085,63.44463971880493,97.04745166959579,22.601054481546576,14.253075571177506,47.59226713532514,25.869947275922673,37.188049209138846,36.76625659050967,78.45342706502637,70.12302284710019,98.10193321616873,96.83655536028121,81.0896309314587,92.5834797891037,62.601054481546576,59.40246045694201,60.84358523725835,68.47100175746925,26.678383128295255,17.715289982425308,76.13356766256591,95.64147627416521,32.79437609841828,70.57996485061513,90.4042179261863,72.23198594024605,72.40773286467487,90.896309314587,69.24428822495607,90.72056239015818,69.94727592267137,63.16344463971881,79.08611599297014,67.41652021089631,84.92091388400704,61.15992970123023,53.427065026362044,54.93848857644992,85.20210896309315,93.49736379613357,86.4323374340949,81.65202108963094,89.8066783831283,17.469244288224957,88.89279437609842,72.30228471001759,18.629173989455186,78.73462214411248
272.329,2.6675000000000013,3,1,4.0,0.9334094472621842,0,69.96000000000001,0,0,0,0.017101027,0.838267,0.85022247,0.8563291,0.9402313,0.33140603,0.8490782,0.1266044,0.1881003,0.48256493,0.7746935,0.111739576,0.031632494,0.8621294,0.9999958,0.0028531863,0.02440809,0.18280037,0.12331493,0.013653916,0.10075803,0.008286551,0.95023394,0.28705326,0.10839508,0.0077824728,0.024919858,0.23083071,0.013535343,0.24863882,0.3680882,-4.63865,88.150894,62.547768,7.538274,-9.852069,1.7784259,2.413272,98.20772,-4.688161,-4.665405,32.68892794376099,55.85237258347979,32.653778558875224,36.59050966608085,63.44463971880493,99.92970123022847,22.601054481546576,46.57293497363796,47.59226713532514,25.869947275922673,37.188049209138846,4.569420035149386,61.12478031634447,63.40949033391916,92.93497363796135,97.99648506151144,90.75571177504395,97.22319859402461,54.93848857644992,70.68541300527241,53.77855887521969,90.4042179261863,33.98945518453427,20.38664323374341,77.78558875219684,94.37609841827769,16.801405975395433,48.471001757469246,79.78910369068542,78.73462214411248,44.604569420035155,57.15289982425308,54.62214411247804,78.73462214411248,68.18980667838314,46.22144112478032,45.76449912126538,58.840070298769774,75.57117750439367,34.97363796133568,15.360281195079088,55.67662565905097,71.14235500878735,83.44463971880492,76.20386643233743,35.50087873462215,71.84534270650265,13.11072056239016,69.24428822495607,85.23725834797892,19.05096660808436,3.9015817223198597
336.62700000000007,4.447600000000002,2,1,4.0,0.899900864260754,0,46.17,0,0,0,0.0053168028,0.78771675,0.7954499,0.9189474,0.9767574,0.32801285,0.9312688,0.08670294,0.47274524,0.45979518,0.58294475,0.19351383,0.022541082,0.90156424,0.99999297,0.0024076938,0.015864626,0.16703047,0.18233787,0.025475973,0.14260225,0.024066407,0.9123672,0.43813878,0.17361936,0.0057369927,0.032719932,0.5724499,0.037713625,0.286219,0.42840058,-4.8282595,66.80287,50.034386,98.82393,-9.988191,2.3590763,3.4788995,98.982574,-5.1339855,6.1169157,50.72056239015818,83.16344463971882,17.10017574692443,36.59050966608085,63.44463971880493,99.08611599297014,22.601054481546576,27.275922671353253,47.59226713532514,25.869947275922673,37.188049209138846,1.3708260105448156,56.16871704745167,49.84182776801406,95.60632688927944,98.98066783831284,90.43936731107206,98.6291739894552,43.831282952548335,84.21792618629175,51.35325131810194,85.13181019332163,57.469244288224964,14.094903339191566,82.98769771528998,92.47803163444641,14.446397188049211,32.37258347978911,78.73462214411248,84.71001757469244,59.89455184534271,72.72407732864676,70.65026362038665,67.94376098418279,75.18453427065027,57.9261862917399,40.421792618629176,63.47978910369069,90.61511423550088,54.86818980667839,19.472759226713535,58.98066783831283,57.11775043936731,73.42706502636204,68.6115992970123,94.13005272407733,71.0017574692443,44.39367311072056,88.29525483304043,86.85413005272409,12.442882249560634,78.87521968365554
310.80600000000004,3.094920000000001,2,2,4.0,0.8912868242686666,0,58.2,0,0,0,0.17306456,0.94097865,0.81856096,0.98074085,0.9944482,0.21024744,0.8923693,0.18911579,0.8940692,0.57038105,0.8867111,0.16893087,0.09475057,0.7377428,0.999998,0.002313506,0.01158064,0.49849176,0.35036182,0.025930652,0.18728575,0.009260273,0.96129096,0.5342399,0.23870254,0.012935529,0.07627812,0.45405254,0.028793458,0.5438881,0.8198015,-4.8222365,91.3899,72.13487,19.693888,-10.489157,2.063219,3.6346278,100.153076,-4.658286,0.19355544,44.00702987697716,62.601054481546576,17.10017574692443,61.37082601054482,63.44463971880493,98.6291739894552,22.601054481546576,36.73110720562391,47.59226713532514,25.869947275922673,37.188049209138846,41.75746924428823,76.02811950790861,54.93848857644992,98.5237258347979,99.64850615114236,72.19683655536029,98.06678383128296,66.36203866432338,96.55536028119509,63.690685413005276,94.34094903339192,51.423550087873465,49.2091388400703,68.15465729349737,96.27416520210897,13.673110720562391,22.284710017574696,93.25131810193322,94.23550087873463,60.140597539543066,81.86291739894553,56.80140597539543,83.16344463971882,79.08611599297014,65.97539543057997,56.59050966608085,79.7188049209139,85.72934973637962,49.876977152899826,53.04042179261863,80.597539543058,57.60984182776802,84.81546572934974,81.33567662565906,57.36379613356767,66.74868189806679,26.432337434094904,90.47451669595783,89.24428822495607,19.718804920913886,36.90685413005273
286.715,2.6749,3,1,4.0,0.9435442484987759,0,59.06,0,0,0,0.010293962,0.8914606,0.93836486,0.89090633,0.79828066,0.46027198,0.56299144,0.12930489,0.177954,0.40267998,0.16227502,0.30822575,0.0359981,0.9349806,0.99999046,0.001402721,0.008132917,0.10403802,0.050684072,0.004192012,0.074756645,0.007305281,0.9471609,0.080607094,0.072032586,0.0037884868,0.009025547,0.09676623,0.0082739275,0.2441388,0.2347836,-4.6429,73.7551,44.356037,42.794594,-9.60659,2.0066535,2.9019527,95.92261,-4.360125,2.947192,36.520210896309315,56.02811950790861,32.653778558875224,36.59050966608085,63.44463971880493,100.00000000000001,22.601054481546576,37.732864674868196,47.59226713532514,25.869947275922673,37.188049209138846,2.882249560632689,67.48681898066785,92.40773286467487,94.51669595782074,94.51669595782074,97.39894551845343,91.81019332161688,55.81722319859403,70.01757469244289,46.18629173989456,64.78031634446398,78.13708260105449,23.760984182776802,88.04920913884008,90.57996485061513,8.189806678383128,13.49736379613357,71.63444639718806,63.76098418277681,15.254833040421794,42.35500878734622,52.513181019332166,77.39894551845343,50.50966608084359,35.254833040421794,34.13005272407733,39.08611599297013,64.07732864674868,26.748681898066785,15.114235500878737,45.41300527240774,70.96660808435853,76.48506151142355,64.74516695957821,77.46924428822496,73.04042179261863,23.936731107205627,77.96133567662567,80.597539543058,25.237258347978912,62.46045694200352
233.21699999999998,3.217100000000001,1,1,4.0,0.8473092402636828,0,29.1,0,0,0,0.23688479,0.9569915,0.9186438,0.98176557,0.7903039,0.28711513,0.3698128,0.1756773,0.118823014,0.4716598,0.096857585,0.11844684,0.04665481,0.8254713,0.99999464,0.007329157,0.044726163,0.47784337,0.06017208,0.05149715,0.39691043,0.019478338,0.9734438,0.18111046,0.21736383,0.07399641,0.032870896,0.3969158,0.051762175,0.6342472,0.3261358,-4.246251,98.21081,54.796837,46.708363,-6.540015,1.9749483,3.123386,84.33768,-4.0940456,4.8388166,23.09314586994728,64.60456942003516,6.854130052724078,36.59050966608085,63.44463971880493,94.79789103690686,22.601054481546576,14.253075571177506,47.59226713532514,25.869947275922673,37.188049209138846,52.4780316344464,80.24604569420036,85.51845342706504,98.5237258347979,94.37609841827769,85.76449912126539,84.63971880492092,64.63971880492092,63.33919156414763,52.653778558875224,57.644991212653785,36.48506151142355,30.720562390158175,74.55184534270651,93.28646748681899,38.73462214411248,73.28646748681899,92.44288224956064,67.20562390158173,75.95782073813709,93.77855887521969,67.45166959578208,89.49033391915643,60.49209138840071,63.72583479789104,82.00351493848858,63.514938488576455,83.65553602811951,60.98418277680141,65.4481546572935,52.337434094903344,94.41124780316345,87.66256590509667,72.05623901581723,79.75395430579965,89.66608084358525,22.49560632688928,81.6871704745167,60.562390158172235,30.263620386643236,73.74340949033393
272.254,3.3972000000000016,2,1,4.0,0.9105060721695256,0,52.89,0,0,0,0.23300675,0.78804696,0.86987734,0.8081745,0.6030869,0.24496278,0.52013063,0.13617674,0.03141891,0.5946892,0.41628927,0.08072315,0.038927544,0.9171135,0.9999636,0.021112168,0.07776441,0.45530558,0.11632097,0.04955726,0.21324436,0.038385786,0.9612498,0.38714942,0.34583122,0.12986493,0.05052393,0.49427962,0.11817024,0.4603497,0.28784558,-4.3094325,122.626076,94.727615,28.598215,-6.804778,1.8914316,2.9994829,86.55595,-4.8067513,-0.5774739,32.68892794376099,67.38137082601055,17.10017574692443,36.59050966608085,63.44463971880493,99.64850615114236,22.601054481546576,32.829525483304046,47.59226713532514,25.869947275922673,37.188049209138846,52.056239015817226,56.239015817223205,68.6115992970123,91.45869947275924,88.6115992970123,78.76977152899825,90.47451669595783,57.9261862917399,41.72231985940246,66.99472759226714,79.5079086115993,24.56942003514939,25.83479789103691,85.13181019332163,82.46045694200352,67.34622144112478,87.45166959578208,91.81019332161688,77.39894551845343,75.11423550087873,84.88576449912128,76.66080843585237,83.12829525483305,73.11072056239017,73.95430579964851,89.24428822495607,72.65377855887523,87.55711775043937,75.64147627416521,41.89806678383129,49.595782073813716,92.47803163444641,93.63796133567664,88.78734622144113,67.5219683655536,88.8224956063269,18.453427065026364,79.54305799648508,63.65553602811951,17.188049209138843,30.052724077328648
387.5050000000001,2.540720000000001,4,1,4.0,0.8753229896185921,1,69.72,0,0,0,0.10045644,0.83207667,0.8659603,0.02380851,0.27193654,0.3010477,0.16837993,0.17911348,0.1806381,0.6203904,0.43463677,0.20528646,0.2640732,0.65907156,0.9993064,0.007403657,0.024245843,0.03245522,0.019117113,0.008197731,0.06793088,0.0065189437,0.7962249,0.40849295,0.104777716,0.0038154381,0.008562034,0.027834926,0.012931694,0.30448166,0.732429,-4.902491,51.939445,30.246845,-12.820486,-12.840261,2.073876,1.3682485,76.79742,-2.8272808,-2.891739,62.53075571177505,53.0755711775044,48.55887521968366,36.59050966608085,63.44463971880493,97.46924428822497,55.32513181019333,46.5377855887522,47.59226713532514,25.869947275922673,37.188049209138846,27.48681898066784,60.562390158172235,67.48681898066785,38.840070298769774,72.02108963093147,87.55711775043937,73.11072056239017,65.13181019332163,70.26362038664324,69.77152899824253,79.92970123022847,60.52724077328647,76.16871704745168,63.33919156414763,59.015817223198596,39.015817223198596,48.36555360281196,56.52021089630932,49.49033391915642,30.087873462214414,37.3286467486819,50.19332161687171,51.45869947275923,74.0597539543058,45.342706502636204,34.16520210896309,37.961335676625666,46.432337434094904,34.30579964850615,21.93321616871705,74.09490333919157,52.72407732864675,65.37785588752197,54.376098418277685,5.342706502636204,48.89279437609842,26.99472759226714,51.14235500878735,52.75922671353252,55.782073813708266,10.579964850615115
281.312,1.40262,4,1,4.0,0.9192226993725612,0,71.95,0,0,1,0.020767974,0.8348414,0.93586797,0.48965424,0.79886246,0.18946326,0.3695633,0.056714546,0.040261723,0.35296696,0.8898636,0.076776326,0.024957186,0.8624709,1.0,0.00015960402,0.0033255364,0.041647606,0.055176813,0.000558538,0.010036291,8.96269e-05,0.95202065,0.013031135,0.016715106,0.00064573286,0.009028673,0.001466308,0.00043955114,0.11970036,0.25305134,-4.7159967,73.10083,42.60127,-9.195331,-10.425458,1.7873261,0.8743595,56.570515,-2.005771,-3.5469391,35.149384885764505,36.73110720562391,48.55887521968366,36.59050966608085,63.44463971880493,99.78910369068542,22.601054481546576,47.732864674868196,47.59226713532514,25.869947275922673,83.09314586994728,5.834797891036907,60.84358523725835,91.66959578207383,80.8084358523726,94.51669595782074,67.45166959578208,84.63971880492092,32.68892794376099,45.86994727592268,41.89806678383129,94.48154657293499,23.866432337434098,15.957820738137084,77.85588752196837,99.84182776801407,1.0896309314586996,2.9525483304042184,59.789103690685415,65.65905096660809,1.0896309314586996,0.4569420035149385,5.377855887521969,79.6133567662566,35.32513181019333,7.627416520210897,10.826010544815468,39.08611599297013,16.063268892794376,2.9876977152899826,4.850615114235501,46.748681898066785,65.48330404217927,76.3444639718805,63.8664323374341,8.400702987697716,67.17047451669596,13.602811950790862,43.72583479789104,33.25131810193322,70.96660808435853,7.135325131810194
165.192,0.7114999999999999,2,0,4.0,0.6039890980144712,0,37.38,0,0,0,0.37249398,0.98398715,0.825027,0.35550934,0.28848135,0.17062233,0.057325967,0.10190175,0.008286727,0.45256138,0.021137819,0.101933695,0.024893036,0.3263576,0.9999712,0.017789353,0.021123093,0.021467665,0.013820464,0.010252988,0.08431358,0.010029354,0.9783843,0.007023429,0.090776876,0.017836388,0.03825418,0.008894841,0.016173914,0.7865809,0.04656352,-4.0468907,53.07831,21.904613,0.43107682,-7.1055574,2.6268349,0.93131673,43.203606,-1.9331903,-4.389682,11.95079086115993,29.209138840070302,17.10017574692443,11.63444639718805,63.44463971880493,60.66783831282953,22.601054481546576,20.509666080843587,47.59226713532514,25.869947275922673,37.188049209138846,67.59226713532514,92.40773286467487,56.76625659050967,75.1493848857645,73.35676625659052,62.56590509666081,57.08260105448155,48.01405975395431,22.776801405975398,50.57996485061512,40.80843585237259,30.896309314586997,15.957820738137084,45.061511423550094,84.28822495606327,63.09314586994728,42.81195079086116,50.26362038664324,45.026362038664324,36.555360281195085,47.557117750439375,58.24253075571178,91.9859402460457,30.158172231985944,41.44112478031635,62.24956063268893,66.95957820738138,34.76274165202109,37.99648506151143,83.62038664323376,23.444639718804922,97.71528998242532,65.94024604569421,46.5377855887522,22.987697715289986,87.90861159929702,61.652021089630935,44.71001757469244,22.81195079086116,72.40773286467487,4.499121265377856
250.34199999999996,2.2823200000000003,3,1,4.0,0.8713979331401285,0,41.57,0,0,0,0.23813224,0.96214616,0.94504464,0.42078653,0.15906996,0.21891454,0.02290847,0.5995538,0.19937901,0.57302487,0.03399877,0.17825857,0.18994893,0.26896524,0.9998412,0.003836386,0.016517088,0.066094086,0.0057046646,0.00517581,0.058132757,0.0012257403,0.9693869,0.039618824,0.025521988,0.0026125838,0.004564654,0.010185866,0.0042540478,0.62439084,0.59345543,-4.2590914,64.69525,30.543793,13.883158,-9.008558,2.4119422,1.1853262,44.861706,-1.9266338,1.4326582,27.381370826010546,48.54130052724078,32.653778558875224,36.59050966608085,63.44463971880493,97.15289982425308,22.601054481546576,24.305799648506152,47.59226713532514,25.869947275922673,37.188049209138846,52.68892794376099,82.21441124780317,94.41124780316345,78.20738137082601,60.597539543058005,73.98945518453428,43.40949033391916,91.56414762741653,71.21265377855889,63.971880492091394,45.4481546572935,53.53251318101934,68.68189806678383,40.98418277680141,70.82601054481547,21.687170474516698,33.84885764499121,66.60808435852373,31.70474516695958,19.36731107205624,28.822495606326893,21.511423550087876,86.85413005272409,43.72583479789104,13.462214411247805,28.295254833040424,26.045694200351495,35.95782073813709,18.523725834797894,63.72583479789104,67.17047451669596,94.02460456942005,72.30228471001759,54.833040421792624,47.205623901581724,76.66080843585237,47.94376098418278,47.978910369068544,24.21792618629174,72.47803163444641,50.86115992970124
299.298,2.7742000000000004,3,1,4.0,0.9441782727977484,0,55.400000000000006,0,0,0,0.021121614,0.898105,0.89603394,0.7485142,0.9216601,0.3225718,0.70196074,0.13599746,0.17317396,0.4731019,0.5904725,0.119095646,0.033139702,0.8453821,0.99999774,0.0016010928,0.017445346,0.11134666,0.08455479,0.0073153614,0.0782636,0.004313686,0.95675355,0.24564521,0.079064585,0.0040709656,0.011895169,0.13405795,0.007167148,0.23992808,0.37946063,-4.4468603,64.28783,43.615395,15.9499235,-8.703535,2.2375388,2.2989016,91.912735,-4.08459,-1.2530838,40.14059753954306,57.9261862917399,32.653778558875224,36.59050966608085,63.44463971880493,100.00000000000001,22.601054481546576,34.76274165202109,47.59226713532514,25.869947275922673,37.188049209138846,5.905096660808437,68.29525483304043,77.4340949033392,89.06854130052724,97.5395430579965,89.8066783831283,94.72759226713534,57.89103690685413,69.77152899824253,52.829525483304046,85.41300527240774,36.73110720562391,21.79261862917399,76.2390158172232,95.92267135325133,9.384885764499122,35.67662565905097,72.58347978910369,72.58347978910369,26.678383128295255,44.21792618629174,42.98769771528999,81.47627416520211,65.30755711775045,38.17223198594025,35.289982425307564,44.39367311072056,68.04920913884007,25.20210896309315,14.868189806678384,56.41476274165203,85.37785588752197,72.12653778558875,64.42882249560633,51.17750439367312,78.73462214411248,37.152899824253076,67.41652021089631,72.65377855887523,30.544815465729354,24.04217926186292
294.39800000000014,3.2124000000000015,2,1,4.0,0.918100907002635,0,32.34,0,0,0,0.22111467,0.94568557,0.7842308,0.22855425,0.34961048,0.21024148,0.10401013,0.42462736,0.74267846,0.5671761,0.22382292,0.14347534,0.3951182,0.2730744,0.999921,0.0077192024,0.02858917,0.06390404,0.038134523,0.016440809,0.10696858,0.005430742,0.8897897,0.38841534,0.11639725,0.007262799,0.032254376,0.050547898,0.017431755,0.53197527,0.8665535,-4.7084684,50.955963,29.623043,-2.1668684,-10.430075,2.8362038,1.0691085,53.228798,-2.196104,-1.9906555,38.80492091388401,64.53427065026362,17.10017574692443,36.59050966608085,63.44463971880493,99.78910369068542,22.601054481546576,16.2390158172232,47.59226713532514,25.869947275922673,37.188049209138846,50.333919156414765,77.36379613356767,47.48681898066784,67.94376098418279,77.75043936731107,72.19683655536029,66.25659050966608,83.83128295254834,91.77504393673111,63.33919156414763,69.27943760984184,44.11247803163445,85.97539543057998,41.0896309314587,76.06326889279438,40.17574692442883,54.41124780316345,66.11599297012303,59.191564147627425,49.13884007029878,60.00000000000001,46.85413005272408,63.62038664323375,73.1810193321617,48.189806678383135,44.81546572934974,63.26889279437611,54.97363796133568,39.12126537785589,51.493848857645,83.9718804920914,66.18629173989456,64.67486818980669,53.77855887521969,18.488576449912127,67.1353251318102,74.23550087873463,46.467486818980674,30.790861159929705,67.66256590509667,17.469244288224957
265.309,2.3042000000000007,2,1,4.0,0.9216776139574389,0,46.17,0,0,0,0.22156222,0.9704994,0.89335126,0.6756061,0.8638403,0.3010369,0.35397658,0.14917997,0.17104384,0.45985526,0.2007817,0.2545503,0.04428358,0.69320333,0.9999973,0.0021223617,0.009275681,0.04566268,0.035013124,0.006031733,0.10069935,0.0049309777,0.9678445,0.10911322,0.06565927,0.0036911282,0.017651279,0.03774204,0.006277797,0.59251827,0.36414474,-4.4731607,110.04209,76.618996,-3.809956,-7.3752227,1.7556797,2.3188362,82.22745,-3.521722,-5.22325,31.00175746924429,48.787346221441126,17.10017574692443,36.59050966608085,63.44463971880493,99.78910369068542,22.601054481546576,27.275922671353253,47.59226713532514,25.869947275922673,37.188049209138846,50.36906854130053,85.72934973637962,76.37961335676626,86.78383128295256,96.48506151142355,87.55711775043937,83.9718804920914,60.21089630931459,69.63093145869948,51.35325131810194,67.83831282952549,69.56063268892795,29.068541300527244,65.27240773286468,95.64147627416521,12.267135325131811,16.55536028119508,61.195079086115996,58.24253075571178,22.39015817223199,57.11775043936731,45.342706502636204,86.08084358523726,53.919156414762746,33.21616871704745,33.5676625659051,52.337434094903344,51.107205623901585,23.2688927943761,59.472759226713535,55.53602811950791,83.62038664323376,91.03690685413007,82.95254833040423,16.063268892794376,86.99472759226714,12.302284710017576,67.66256590509667,58.20738137082601,41.75746924428823,3.0579964850615116
278.714,3.8008000000000015,1,2,4.0,0.8808092460578062,0,41.13,0,0,0,0.19105646,0.96933097,0.89193964,0.9894,0.97035027,0.25512594,0.6720156,0.24261236,0.6563015,0.5501696,0.47467452,0.12744205,0.09058793,0.72740406,0.99999774,0.0032487363,0.018934,0.5568859,0.14596076,0.025587076,0.23907486,0.011256081,0.9751817,0.3097469,0.18888433,0.032282185,0.047028415,0.3439673,0.034338497,0.5531386,0.67406166,-4.6480875,100.79724,69.79892,59.17813,-8.548627,1.9740086,3.7331417,94.48572,-4.7345753,7.589882,34.481546572934974,73.95430579964851,6.854130052724078,61.37082601054482,63.44463971880493,97.89103690685414,22.601054481546576,23.95430579964851,47.59226713532514,25.869947275922673,37.188049209138846,45.377855887521974,85.09666080843586,75.92267135325133,99.08611599297014,98.84007029876977,80.8084358523726,94.20035149384887,72.40773286467487,88.85764499121267,61.26537785588753,81.61687170474518,39.19156414762742,48.26010544815466,67.48681898066785,95.92267135325133,19.015817223198596,38.242530755711776,94.41124780316345,81.30052724077329,60.03514938488577,86.74868189806679,59.824253075571185,90.50966608084359,69.24428822495607,60.105448154657296,70.96660808435853,71.21265377855889,81.01933216168717,52.829525483304046,54.55184534270651,70.82601054481547,70.7908611599297,88.50615114235502,80.49209138840071,85.41300527240774,79.68365553602813,22.35500878734622,91.42355008787347,77.64499121265379,18.137082601054484,83.9718804920914
281.764,3.449220000000002,2,1,4.0,0.9365207349823481,0,46.17,0,0,0,0.008113322,0.92012787,0.86334085,0.94063395,0.97779435,0.2930648,0.87447786,0.1282051,0.5150428,0.42705458,0.6780678,0.1186993,0.025403421,0.7982491,0.9999992,0.0010419388,0.014230875,0.12956946,0.120245196,0.010796906,0.11089627,0.004783381,0.9591404,0.2868815,0.07801114,0.0029180483,0.017468095,0.2507741,0.006655927,0.29411456,0.4892661,-4.7765265,87.412865,60.205395,40.73861,-9.689638,1.966182,3.3617618,100.12893,-4.779267,0.4758944,35.32513181019333,68.33040421792619,17.10017574692443,36.59050966608085,63.44463971880493,99.96485061511424,22.601054481546576,27.275922671353253,47.59226713532514,25.869947275922673,37.188049209138846,2.1089630931458703,72.02108963093147,66.74868189806679,96.73110720562391,99.05096660808437,86.50263620386644,97.71528998242532,55.64147627416521,85.86994727592268,48.471001757469246,87.55711775043937,36.59050966608085,16.168717047451672,72.16168717047452,98.03163444639719,5.659050966608085,28.857644991212656,75.04393673110721,78.20738137082601,37.961335676625666,61.82776801405976,44.74516695957821,82.39015817223199,68.18980667838314,37.750439367311074,29.912126537785593,52.16168717047452,76.87170474516697,24.04217926186292,20.45694200351494,62.21441124780317,61.26537785588753,83.02284710017575,75.07908611599298,76.2390158172232,72.44288224956064,22.00351493848858,86.01054481546574,89.20913884007031,17.680140597539545,39.789103690685415
269.272,2.765600000000001,2,1,4.0,0.9308821081931805,0,46.17,0,0,0,0.010315361,0.8680967,0.91945964,0.74366796,0.8397495,0.4461493,0.632965,0.12870875,0.16019993,0.4059743,0.16423325,0.2059724,0.033733897,0.84973115,0.9999879,0.0025617224,0.020219946,0.0595961,0.050976373,0.018325038,0.1607521,0.011568582,0.9319727,0.16892955,0.07665064,0.0046136444,0.010765883,0.22000849,0.010632142,0.29125792,0.2727213,-4.5218453,60.783043,35.115944,27.103699,-9.204732,2.2914271,2.8416467,93.907326,-4.3153324,0.050545312,32.02108963093146,57.82073813708261,17.10017574692443,36.59050966608085,63.44463971880493,99.92970123022847,22.601054481546576,27.275922671353253,47.59226713532514,25.869947275922673,37.188049209138846,2.882249560632689,64.00702987697716,85.72934973637962,88.96309314586996,95.85237258347979,96.87170474516697,93.53251318101934,55.782073813708266,68.43585237258348,46.748681898066785,64.9560632688928,60.63268892794377,22.1792618629174,76.48506151142355,88.99824253075572,15.325131810193323,40.94903339191565,65.13181019332163,63.831282952548335,52.40773286467487,77.46924428822496,60.281195079086125,73.00527240773287,59.75395430579965,37.293497363796135,37.39894551845343,42.601054481546576,75.00878734622145,30.68541300527241,20.175746924428825,48.506151142355016,80.52724077328648,70.33391915641477,58.24253075571178,66.18629173989456,75.64147627416521,40.28119507908612,76.8365553602812,76.4499121265378,26.045694200351495,35.39543057996485
280.32699999999994,2.7848000000000015,2,1,4.0,0.9395070142258377,0,49.410000000000004,0,0,0,0.23612836,0.9066566,0.8955224,0.6231407,0.5260751,0.3476519,0.40992355,0.15337709,0.04027722,0.53070277,0.1486837,0.10261539,0.08181002,0.8848835,0.99993646,0.01759896,0.05337759,0.26588053,0.057290483,0.037673973,0.27367574,0.028085317,0.9349224,0.31081098,0.19588809,0.066693224,0.025000503,0.237842,0.057561498,0.4273571,0.33745518,-4.5458837,75.7485,42.046486,13.382395,-11.921117,2.0562634,2.100444,75.484085,-3.5550427,-1.3378603,34.833040421792624,58.101933216168725,17.10017574692443,36.59050966608085,63.44463971880493,99.96485061511424,22.601054481546576,30.404217926186295,47.59226713532514,25.869947275922673,37.188049209138846,52.40773286467487,69.84182776801407,77.25834797891038,84.92091388400704,86.22144112478033,92.12653778558877,86.08084358523726,61.15992970123023,45.86994727592268,59.156414762741655,63.58523725834799,30.966608084358526,45.026362038664324,80.56239015817224,78.13708260105449,62.84710017574693,78.76977152899825,85.48330404217927,66.46748681898067,69.24428822495607,89.17398945518454,72.68892794376099,73.88400702987698,69.27943760984184,60.94903339191565,80.597539543058,58.98066783831283,76.02811950790861,62.53075571177505,37.57469244288225,53.49736379613357,78.27768014059755,77.89103690685414,63.198594024604574,46.29173989455185,55.64147627416521,26.22144112478032,64.07732864674868,51.493848857645,41.195079086115996,23.304042179261867
279.698,3.740000000000002,2,1,4.0,0.9293404363786544,0,38.33,0,0,0,0.18791921,0.9359933,0.8672773,0.9873204,0.95439565,0.197692,0.7362226,0.14997815,0.27308592,0.56047976,0.5220283,0.08283589,0.041383773,0.8582881,0.9999983,0.004912503,0.037075512,0.66428626,0.17146388,0.043096155,0.27786303,0.016581092,0.97360027,0.4123856,0.31207675,0.069291905,0.059138186,0.5632568,0.068992965,0.5526312,0.52058107,-4.401506,116.48533,83.05509,57.992393,-7.1696844,2.0000165,3.532402,92.40448,-4.9452944,6.777831,34.6572934973638,73.0755711775044,17.10017574692443,36.59050966608085,63.44463971880493,99.92970123022847,22.601054481546576,21.124780316344467,47.59226713532514,25.869947275922673,37.188049209138846,44.99121265377856,75.11423550087873,67.69771528998243,98.98066783831284,98.31282952548331,68.99824253075572,95.32513181019333,60.35149384885765,75.92267135325133,62.741652021089635,83.40949033391917,25.27240773286468,27.24077328646749,77.3286467486819,96.55536028119509,27.381370826010546,66.25659050966608,96.37961335676627,83.90158172231986,72.23198594024605,89.27943760984184,65.37785588752197,89.63093145869948,74.23550087873463,71.38840070298771,81.26537785588754,75.71177504393674,90.12302284710019,66.11599297012303,54.48154657293498,63.971880492091394,87.6274165202109,92.37258347978911,85.5536028119508,84.81546572934974,87.66256590509667,23.550087873462218,89.10369068541301,73.49736379613357,15.289982425307558,81.26537785588754
281.764,3.449220000000002,2,1,4.0,0.9365207349823481,0,46.17,0,0,0,0.011522761,0.8720666,0.85963136,0.8057679,0.952479,0.34364206,0.84874135,0.10582964,0.21081097,0.45228282,0.5199846,0.13634443,0.022688203,0.84578925,0.9999968,0.0017475818,0.017124765,0.0967649,0.09402771,0.015935604,0.13431731,0.009558961,0.94675714,0.31223774,0.0958112,0.0044895685,0.01822244,0.2646305,0.009874749,0.28029698,0.354199,-4.7835035,90.27383,66.40615,22.70013,-9.45128,1.9425819,3.0249946,99.585365,-4.5352297,-1.35409,35.32513181019333,68.33040421792619,17.10017574692443,36.59050966608085,63.44463971880493,99.96485061511424,22.601054481546576,27.275922671353253,47.59226713532514,25.869947275922673,37.188049209138846,2.9876977152899826,64.56942003514939,65.69420035149385,91.42355008787347,98.27768014059755,91.8804920913884,97.22319859402461,48.963093145869955,71.81019332161688,50.57996485061512,83.3743409490334,42.07381370826011,14.165202108963094,76.27416520210897,95.00878734622145,10.333919156414764,35.254833040421794,70.72056239015818,74.23550087873463,48.36555360281196,70.68541300527241,57.29349736379614,77.22319859402461,69.3145869947276,43.16344463971881,36.94200351493849,52.93497363796134,77.39894551845343,29.560632688927946,18.875219683655537,54.833040421792624,60.80843585237259,84.4639718804921,78.69947275922672,61.47627416520211,73.95430579964851,20.84358523725835,79.89455184534272,88.08435852372584,22.03866432337434,23.09314586994728
241.29000000000002,2.6729200000000004,2,1,4.0,0.8942605477308352,0,52.32,0,0,0,0.12184789,0.9587078,0.922398,0.89274234,0.8137266,0.29080617,0.36723423,0.2951631,0.11132586,0.5765394,0.20300166,0.078011125,0.039692845,0.6340984,0.9999968,0.002950019,0.029764106,0.14511856,0.05260884,0.021110516,0.18739064,0.009402046,0.97870797,0.2198009,0.07340702,0.01653444,0.016509674,0.1555493,0.009928908,0.47318316,0.4020141,-4.4651666,94.28056,48.862965,-7.682215,-9.792737,1.8851511,2.8544917,89.78648,-3.7567558,-3.2808585,25.096660808435853,55.99297012302285,17.10017574692443,36.59050966608085,63.44463971880493,98.76977152899825,22.601054481546576,32.02108963093146,47.59226713532514,25.869947275922673,37.188049209138846,32.337434094903344,81.01933216168717,86.85413005272409,94.58699472759227,94.83304042179263,86.18629173989456,84.49912126537787,76.59050966608085,62.14411247803164,64.39367311072057,68.08435852372584,24.147627416520212,26.115992970123024,62.108963093145874,95.00878734622145,17.3286467486819,56.13356766256591,76.80140597539544,64.63971880492092,55.85237258347979,81.8980667838313,57.04745166959579,92.12653778558877,63.514938488576455,35.746924428822496,61.15992970123023,51.07205623901582,70.08787346221442,29.560632688927946,43.44463971880492,57.85588752196837,84.11247803163445,85.94024604569421,67.94376098418279,10.123022847100177,72.16168717047452,18.172231985940247,77.01230228471002,69.17398945518454,37.293497363796135,8.400702987697716
276.361,2.42952,3,1,4.0,0.9326781382936168,1,59.06,0,0,0,0.07275697,0.89766395,0.90567666,0.3513584,0.79991955,0.29886654,0.40007478,0.107567646,0.10138889,0.40346617,0.3398475,0.18980406,0.036261342,0.7506483,0.9999979,0.001014266,0.007443249,0.03007859,0.04019784,0.0034186263,0.05138419,0.0018691383,0.95173436,0.06609844,0.040510498,0.0014515253,0.012841332,0.016822059,0.0023454293,0.34706494,0.26404345,-4.663988,80.81714,49.29436,-6.125713,-10.115544,1.8645909,1.8181347,73.74245,-2.6936562,-4.0585747,33.602811950790866,51.03690685413006,32.653778558875224,36.59050966608085,63.44463971880493,99.92970123022847,55.32513181019333,37.732864674868196,47.59226713532514,25.869947275922673,37.188049209138846,20.105448154657296,68.26010544815466,81.15992970123024,74.93848857644991,94.58699472759227,87.2407732864675,85.72934973637962,49.42003514938489,60.52724077328647,46.22144112478032,76.2390158172232,56.41476274165203,24.007029876977153,69.24428822495607,96.27416520210897,5.553602811950792,12.161687170474519,55.64147627416521,59.929701230228474,11.810193321616874,22.49560632688928,26.748681898066785,79.5079086115993,48.75219683655536,22.214411247803167,20.0,45.834797891036914,40.73813708260106,11.423550087873464,26.85413005272408,47.80316344463972,69.42003514938489,80.07029876977154,68.08435852372584,12.33743409490334,69.73637961335677,16.801405975395433,58.80492091388401,49.560632688927946,57.785588752196844,5.659050966608085
297.326,2.7517200000000015,2,1,4.0,0.9429308176592737,0,46.17,0,0,0,0.24794582,0.97284144,0.89066553,0.90455306,0.9560604,0.251473,0.5909616,0.22915535,0.2926251,0.6153294,0.64673585,0.18373697,0.05302515,0.7404022,0.99999875,0.0020235474,0.012827387,0.11720143,0.088019505,0.006525817,0.08413671,0.0035510894,0.9828135,0.24396591,0.082437016,0.006275599,0.0179248,0.082130626,0.006580551,0.49598536,0.57246536,-4.4649434,109.527084,81.6857,11.699545,-7.21345,1.8506323,3.0019217,89.645164,-4.1412935,-2.055418,39.64850615114236,57.53954305799649,17.10017574692443,36.59050966608085,63.44463971880493,100.00000000000001,22.601054481546576,27.275922671353253,47.59226713532514,25.869947275922673,37.188049209138846,54.09490333919157,86.32688927943762,75.3602811950791,95.07908611599298,98.31282952548331,80.14059753954307,92.5834797891037,71.35325131810194,76.90685413005274,69.34973637961336,86.71353251318102,54.76274165202109,33.391915641476274,68.29525483304043,97.15289982425308,11.70474516695958,25.65905096660809,73.14586994727593,73.35676625659052,24.04217926186292,47.521968365553604,39.57820738137083,94.20035149384887,65.16695957820738,39.29701230228471,42.03866432337434,52.61862917398946,61.652021089630935,23.866432337434098,45.694200351493855,66.4323374340949,84.18277680140598,90.93145869947277,84.9560632688928,43.12829525483304,87.48681898066785,16.133567662565905,79.6133567662566,68.89279437609842,29.349736379613358,17.012302284710017
275.735,3.6659200000000016,2,1,4.0,0.9245619699406552,0,38.33,0,0,0,0.10175152,0.9777047,0.859167,0.9913128,0.9841954,0.1952903,0.76494604,0.16618742,0.42368755,0.5441932,0.428163,0.066462755,0.027289826,0.7355015,0.9999998,0.0012213816,0.016304877,0.40898314,0.12572871,0.021384485,0.24167505,0.008818598,0.9787018,0.38344303,0.13438947,0.018856691,0.038555294,0.34454843,0.02024671,0.5329343,0.604661,-4.6475935,144.63667,111.708206,45.632553,-6.362326,1.6874129,3.8712926,101.775696,-5.6472335,3.442218,33.53251318101933,71.9859402460457,17.10017574692443,36.59050966608085,63.44463971880493,99.82425307557119,22.601054481546576,21.124780316344467,47.59226713532514,25.869947275922673,37.188049209138846,27.908611599297014,88.8224956063269,65.5536028119508,99.15641476274166,99.29701230228471,68.47100175746925,95.95782073813709,63.33919156414763,82.8822495606327,60.456942003514946,79.78910369068542,20.91388400702988,17.258347978910372,67.94376098418279,99.40246045694201,7.029876977152901,33.49736379613357,90.65026362038665,79.08611599297014,56.239015817223205,87.1353251318102,56.16871704745167,92.12653778558877,72.93497363796135,51.59929701230229,63.198594024604574,67.10017574692444,81.05448154657294,42.425307557117755,51.63444639718806,67.6274165202109,70.7908611599297,97.22319859402461,92.19683655536029,79.12126537785589,90.08787346221442,10.017574692442883,93.32161687170475,91.73989455184535,6.889279437609843,65.58875219683657
273.317,2.0625,4,1,4.0,0.9274566985831718,0,82.85,0,0,0,0.0088250125,0.68136144,0.88307124,0.46825108,0.7206463,0.32015866,0.6536884,0.06965966,0.05278197,0.37451667,0.74925643,0.09410558,0.040803246,0.8907933,0.99999696,0.00133684,0.016781643,0.097897515,0.076505184,0.003721734,0.03572831,0.0016629826,0.88759756,0.0879292,0.05654315,0.0032704554,0.016211424,0.028437132,0.00492883,0.12741092,0.21196571,-4.7311473,46.53116,23.76924,-1.9147335,-12.006238,1.8197463,0.80922663,82.3422,-3.6035113,-5.064736,32.93497363796134,45.58875219683656,48.55887521968366,36.59050966608085,63.44463971880493,99.89455184534272,22.601054481546576,55.99297012302285,47.59226713532514,25.869947275922673,37.188049209138846,2.3550087873462218,46.748681898066785,72.75922671353251,80.03514938488577,92.47803163444641,89.49033391915643,93.88400702987698,37.293497363796135,50.08787346221442,43.58523725834798,89.701230228471,28.295254833040424,26.748681898066785,81.61687170474518,95.46572934973639,7.873462214411249,34.62214411247803,70.896309314587,70.93145869947277,13.462214411247805,9.876977152899824,25.026362038664324,63.30404217926187,51.493848857645,30.36906854130053,31.353251318101936,50.82601054481547,46.60808435852373,20.035149384885766,5.377855887521969,43.40949033391916,64.32337434094904,61.26537785588753,48.01405975395431,19.086115992970125,54.93848857644992,14.727592267135327,43.057996485061516,58.34797891036907,40.17574692442883,3.304042179261863
293.344,1.9882999999999997,4,2,4.0,0.8836783844422356,0,75.63,0,0,0,0.014592742,0.6926198,0.9039667,0.53923196,0.82854354,0.35576177,0.6499986,0.1310138,0.3261184,0.41652402,0.62734145,0.16900578,0.07201259,0.8153092,0.9999784,0.002987924,0.020996926,0.10966072,0.10348942,0.015214746,0.09639139,0.005967742,0.8709477,0.23479624,0.097124316,0.0044176574,0.01890252,0.1807144,0.011375221,0.21105158,0.4319519,-4.9791903,73.43567,47.904076,-2.6524258,-13.2961,1.7825744,1.9883192,94.13113,-3.8661628,-2.565373,38.31282952548331,44.3585237258348,48.55887521968366,61.37082601054482,63.44463971880493,98.10193321616873,22.601054481546576,51.15992970123023,47.59226713532514,25.869947275922673,37.188049209138846,3.760984182776802,47.521968365553604,80.38664323374341,82.03866432337435,95.39543057996485,92.68892794376099,93.81370826010546,56.555360281195085,78.5237258347979,47.838312829525485,86.36203866432338,51.493848857645,41.195079086115996,73.88400702987698,86.18629173989456,17.469244288224957,42.425307557117755,72.30228471001759,75.81722319859404,47.100175746924435,55.008787346221446,48.54130052724078,60.140597539543066,64.56942003514939,43.44463971880492,36.80140597539543,53.84885764499122,72.30228471001759,31.985940246045697,12.40773286467487,59.191564147627425,47.100175746924435,76.37961335676626,67.24077328646749,17.750439367311074,45.9402460456942,13.321616871704746,62.319859402460466,76.87170474516697,34.93848857644991,12.65377855887522
275.37300000000005,3.4126600000000016,2,1,4.0,0.9326629756408065,0,46.17,0,0,0,0.026242724,0.9090827,0.86823446,0.78855306,0.9654926,0.25764954,0.8169225,0.14065328,0.2879111,0.5324123,0.8338419,0.07765988,0.031355232,0.7740177,0.99999905,0.0013222985,0.018014707,0.118000865,0.12509714,0.010949591,0.09048015,0.004537049,0.9698461,0.4021197,0.093596146,0.0038539458,0.018892456,0.20668328,0.007720309,0.28443143,0.56532,-4.720704,103.23421,78.47115,8.267552,-8.601797,1.7922401,2.982809,99.508286,-4.451654,-2.6586082,33.46221441124781,67.7328646748682,17.10017574692443,36.59050966608085,63.44463971880493,99.92970123022847,22.601054481546576,27.275922671353253,47.59226713532514,25.869947275922673,37.188049209138846,6.994727592267136,70.36906854130054,68.04920913884007,90.65026362038665,98.6291739894552,81.37082601054482,96.80140597539544,58.840070298769774,76.52021089630932,59.29701230228471,92.40773286467487,23.97188049209139,20.316344463971884,70.47451669595783,97.5395430579965,7.732864674868191,36.76625659050967,73.32161687170475,79.0158172231986,38.523725834797894,51.21265377855888,43.7609841827768,87.2407732864675,73.88400702987698,42.24956063268893,34.376098418277685,53.84885764499122,74.30579964850615,26.01054481546573,19.191564147627417,66.08084358523726,65.23725834797892,89.10369068541301,83.69068541300528,36.660808435852374,79.33216168717048,13.708260105448156,79.22671353251319,87.90861159929702,23.51493848857645,11.985940246045695
279.336,2.6126200000000006,2,1,4.0,0.9347857362804476,0,46.17,0,0,0,0.18565336,0.9691167,0.8382656,0.829955,0.962341,0.21199127,0.62993145,0.13457836,0.2993323,0.50627416,0.5442797,0.15414883,0.03800598,0.6555501,0.99999887,0.0018867713,0.010674732,0.08512055,0.08224164,0.009519139,0.10658209,0.005624306,0.97520006,0.20402296,0.09600671,0.005111284,0.032002043,0.08323644,0.009623686,0.55677646,0.50127,-4.4684534,122.63359,91.74774,-1.9338968,-6.8097825,1.6839459,2.6231701,89.87103,-4.1576385,-4.6758494,34.55184534270651,54.692442882249566,17.10017574692443,36.59050966608085,63.44463971880493,99.96485061511424,22.601054481546576,27.275922671353253,47.59226713532514,25.869947275922673,37.188049209138846,44.49912126537786,84.88576449912128,60.00000000000001,92.02108963093147,98.5237258347979,72.51318101933217,93.42706502636204,57.50439367311073,77.22319859402461,56.8365553602812,84.32337434094904,46.81898066783832,25.237258347978912,63.057996485061516,97.29349736379615,11.036906854130054,19.68365553602812,69.34973637961336,72.23198594024605,34.30579964850615,59.824253075571185,47.416520210896316,90.50966608084359,62.636203866432346,43.198594024604574,38.840070298769774,63.16344463971881,61.86291739894553,29.349736379613358,54.93848857644992,62.84710017574693,83.90158172231986,93.63796133567664,88.15465729349737,19.05096660808436,88.8224956063269,9.876977152899824,73.21616871704745,69.3145869947276,29.068541300527244,3.9015817223198597
295.791,3.126920000000002,2,1,4.0,0.9417722078811026,0,46.17,0,0,0,0.15715024,0.94978255,0.8653693,0.90560865,0.97027475,0.2686211,0.73262686,0.18089613,0.45555925,0.60003847,0.58895594,0.20472333,0.050374012,0.758272,0.99999666,0.0026634466,0.011683654,0.12473402,0.12636515,0.015711047,0.14569291,0.010487226,0.9703827,0.36069736,0.13315503,0.008282578,0.03018142,0.25515136,0.015752459,0.5095643,0.62616223,-4.7394905,110.20795,82.39003,25.88877,-8.436698,1.7517927,3.2892594,96.90551,-4.43769,0.7738348,39.22671353251319,62.95254833040423,17.10017574692443,36.59050966608085,63.44463971880493,100.00000000000001,22.601054481546576,27.275922671353253,47.59226713532514,25.869947275922673,37.188049209138846,39.156414762741655,78.13708260105449,67.34622144112478,95.1493848857645,98.84007029876977,83.12829525483305,95.28998242530757,65.37785588752197,83.83128295254834,67.80316344463972,85.3427065026362,60.52724077328647,32.4780316344464,69.73637961335677,95.00878734622145,15.641476274165203,22.56590509666081,74.0597539543058,79.19156414762742,48.04920913884008,73.14586994727593,58.734622144112485,87.7328646748682,71.8804920913884,51.423550087873465,46.889279437609844,62.39015817223199,76.90685413005274,37.434094903339194,48.189806678383135,68.64674868189807,63.76098418277681,91.10720562390159,85.3427065026362,65.13181019332163,80.66783831282953,11.985940246045695,84.9560632688928,82.7768014059754,23.760984182776802,43.55008787346222
316.20900000000006,4.102620000000002,2,1,4.0,0.926324234303529,0,46.17,0,0,0,0.007399955,0.8708459,0.84694576,0.90060776,0.9638628,0.31744692,0.85717076,0.12272282,0.59706163,0.47590804,0.6114125,0.14782076,0.03561559,0.8129858,0.999996,0.0020186857,0.017338963,0.13248661,0.160381,0.01969044,0.12875232,0.01254634,0.93729734,0.39973798,0.13358907,0.0038798403,0.024733411,0.4202302,0.02299444,0.2898698,0.5535485,-4.770821,73.44271,51.115623,80.417305,-9.327983,2.1275418,3.3528876,97.63412,-4.82557,5.374131,45.9402460456942,78.31282952548331,17.10017574692443,36.59050966608085,63.44463971880493,99.89455184534272,22.601054481546576,27.275922671353253,47.59226713532514,25.869947275922673,37.188049209138846,2.0386643233743413,64.49912126537787,62.53075571177505,94.90333919156416,98.59402460456943,89.17398945518454,97.4340949033392,53.70826010544816,87.66256590509667,53.0755711775044,86.01054481546574,45.30755711775044,23.51493848857645,73.60281195079087,94.55184534270651,11.70474516695958,35.571177504393674,75.50087873462215,82.95254833040423,54.09490333919157,68.99824253075572,61.61687170474517,74.34094903339192,73.74340949033393,51.52899824253076,34.481546572934974,58.76977152899825,84.4639718804921,44.88576449912127,19.859402460456945,65.79964850615114,61.6871704745167,76.37961335676626,69.49033391915643,91.8804920913884,74.93848857644991,30.052724077328648,85.97539543057998,84.18277680140598,17.047451669595784,75.92267135325133
293.363,2.9210400000000014,2,1,4.0,0.9418194051088271,0,46.17,0,0,0,0.25038832,0.96949005,0.89615613,0.80757886,0.94726866,0.24044451,0.546852,0.22857502,0.24236476,0.6347505,0.71011955,0.16647473,0.052512784,0.72272426,0.99999887,0.0016031489,0.012420419,0.092257395,0.076047644,0.004861976,0.065635346,0.0026904375,0.9843813,0.27646145,0.07074498,0.00434021,0.015291591,0.06859665,0.0045096306,0.48128733,0.6035389,-4.668673,131.87932,103.122986,3.053742,-7.408263,1.539582,3.212768,95.73977,-4.315708,-1.8916146,38.31282952548331,60.105448154657296,17.10017574692443,36.59050966608085,63.44463971880493,100.00000000000001,22.601054481546576,27.275922671353253,47.59226713532514,25.869947275922673,37.188049209138846,54.376098418277685,85.20210896309315,77.46924428822496,91.45869947275924,98.10193321616873,77.99648506151144,91.28295254833041,71.17750439367312,74.02460456942003,71.84534270650265,88.68189806678384,50.82601054481547,33.21616871704745,67.24077328646749,97.29349736379615,9.384885764499122,24.710017574692444,70.47451669595783,70.86115992970123,17.785588752196837,35.254833040421794,34.27065026362039,94.93848857644993,67.41652021089631,34.90333919156415,36.37961335676626,49.34973637961336,59.156414762741655,19.226713532513184,44.42882249560633,67.59226713532514,68.89279437609842,95.18453427065027,90.72056239015818,27.31107205623902,86.85413005272409,6.045694200351495,83.40949033391917,80.1054481546573,26.045694200351495,18.34797891036907
279.38000000000005,2.8443200000000015,1,2,4.0,0.8279953098262738,0,29.1,0,1,0,0.04771523,0.96234417,0.8804696,0.6125511,0.7938374,0.18116215,0.20165642,0.40911597,0.79815495,0.45673853,0.37663952,0.09093494,0.1029567,0.21400794,0.99999887,0.0005871822,0.00981649,0.046534073,0.0332639,0.004461388,0.0420203,0.0007163312,0.96441716,0.1901047,0.027059888,0.0006059499,0.010322774,0.025527561,0.0013892861,0.5031127,0.78420454,-4.5819416,98.96731,71.83668,-3.3784652,-7.5134974,2.4472032,2.5694153,78.08159,-3.411977,-2.618423,34.62214411247803,58.875219683655544,6.854130052724078,61.37082601054482,63.44463971880493,92.5834797891037,22.601054481546576,14.253075571177506,47.59226713532514,66.52021089630932,37.188049209138846,12.759226713532515,82.42530755711776,71.70474516695958,84.3585237258348,94.48154657293499,65.58875219683657,75.67662565905097,83.16344463971882,93.77855887521969,51.07205623901582,77.82073813708261,27.451669595782075,51.59929701230229,35.99297012302285,97.29349736379615,2.8471001757469248,17.715289982425308,61.61687170474517,57.25834797891037,16.274165202108964,14.411247803163446,15.465729349736382,84.53427065026362,61.61687170474517,14.727592267135327,10.193321616871705,41.968365553602816,45.41300527240774,6.959578207381371,47.065026362038665,77.82073813708261,75.60632688927944,87.94376098418279,81.26537785588754,16.590509666080845,86.22144112478033,50.57996485061512,72.33743409490334,53.98945518453428,44.00702987697716,12.231985940246046
317.288,2.9133000000000004,3,1,4.0,0.9431451565907321,0,55.400000000000006,0,0,0,0.015614162,0.8319135,0.90172493,0.6563577,0.8830525,0.36121875,0.70577323,0.15245217,0.13785084,0.5279342,0.65403855,0.13198814,0.042686064,0.8794335,0.99999285,0.0029209994,0.026097763,0.102645636,0.09911426,0.010001954,0.075849116,0.006739559,0.94714993,0.3104515,0.103989646,0.0064196386,0.012071742,0.17922066,0.0113801975,0.1926097,0.38329607,-4.4183125,54.34087,40.042385,27.714355,-8.927241,2.5509806,2.5542262,91.07146,-4.2239943,0.27166086,46.151142355008794,60.03514938488577,32.653778558875224,36.59050966608085,63.44463971880493,100.00000000000001,22.601054481546576,34.76274165202109,47.59226713532514,25.869947275922673,37.188049209138846,4.2179261862917405,60.52724077328647,79.68365553602813,86.01054481546574,96.76625659050967,93.0755711775044,94.83304042179263,60.94903339191565,65.97539543057997,58.840070298769774,87.02987697715291,40.73813708260106,28.084358523725836,79.85940246045695,92.44288224956064,17.223198594024606,50.650263620386646,71.42355008787347,75.04393673110721,35.64147627416521,42.95254833040422,51.03690685413006,77.39894551845343,69.24428822495607,45.13181019332162,42.6713532513181,44.604569420035155,72.091388400703,31.985940246045697,10.61511423550088,56.8365553602812,86.71353251318102,66.88927943760984,61.86291739894553,66.71353251318102,76.97715289982426,56.62565905096661,72.091388400703,71.31810193321617,27.6274165202109,37.71528998242531
247.31900000000005,2.795820000000001,2,1,4.0,0.9061288808931334,0,46.17,0,0,0,0.008386582,0.87125224,0.9086603,0.66823685,0.8683893,0.4198026,0.69466513,0.11842124,0.13901079,0.40936905,0.23124436,0.15204,0.024511829,0.81686985,0.99999344,0.0016333957,0.016754696,0.044451542,0.04763329,0.01712739,0.15768658,0.009338458,0.9388299,0.20820482,0.06748064,0.003132365,0.011330114,0.20205331,0.005765184,0.28993374,0.30285603,-4.7681847,82.733635,55.565742,7.019763,-9.877337,1.9321136,2.808135,97.14324,-4.196387,-2.6070888,26.60808435852373,58.277680140597546,17.10017574692443,36.59050966608085,63.44463971880493,99.47275922671353,22.601054481546576,27.275922671353253,47.59226713532514,25.869947275922673,37.188049209138846,2.1441124780316345,64.53427065026362,82.31985940246047,86.50263620386644,96.59050966608085,95.85237258347979,94.58699472759227,52.54833040421793,66.18629173989456,47.17047451669596,69.87697715289983,46.22144112478032,15.606326889279439,74.0597539543058,92.75922671353253,9.666080843585238,34.481546572934974,60.702987697715294,62.636203866432346,50.19332161687171,76.69595782073814,56.94200351493849,74.76274165202109,62.95254833040423,33.743409490333924,30.826010544815468,43.40949033391916,74.20035149384887,22.1792618629174,19.859402460456945,50.54481546572936,61.93321616871705,81.05448154657294,72.51318101933217,34.62214411247803,71.77504393673111,20.45694200351494,76.2390158172232,83.3743409490334,28.119507908611602,12.33743409490334
317.288,2.9133000000000013,3,1,4.0,0.9431451565907321,0,55.4,0,0,0,0.01512379,0.8919834,0.9035039,0.8538553,0.9180316,0.34312537,0.7481295,0.17142998,0.18718228,0.51635665,0.72122896,0.124441996,0.038662232,0.8667218,0.9999973,0.0023647572,0.02416854,0.1342465,0.09386392,0.0071719117,0.06503254,0.004364672,0.9657737,0.24487214,0.08012031,0.005684958,0.011365254,0.13022049,0.007766056,0.20599894,0.39351186,-4.375012,65.38075,44.07896,28.714655,-8.259278,2.2880855,2.5818722,93.020676,-4.31141,-0.068413116,46.151142355008794,60.03514938488577,32.653778558875224,36.59050966608085,63.44463971880493,100.00000000000001,22.601054481546576,34.72759226713533,47.59226713532514,25.869947275922673,37.188049209138846,3.9015817223198597,67.5219683655536,80.24604569420036,92.86467486818981,97.46924428822497,91.84534270650265,95.53602811950792,63.8664323374341,70.61511423550088,57.750439367311074,89.10369068541301,38.242530755711776,25.553602811950793,78.45342706502637,95.64147627416521,14.13005272407733,48.189806678383135,75.7469244288225,74.23550087873463,26.362038664323375,34.86818980667839,43.16344463971881,85.20210896309315,65.27240773286468,38.62917398945519,40.35149384885765,43.47978910369069,67.80316344463972,26.01054481546573,12.02108963093146,57.25834797891037,88.50615114235502,72.61862917398946,64.60456942003516,67.59226713532514,81.93321616871705,39.96485061511424,72.51318101933217,74.51669595782074,26.115992970123024,34.516695957820744
292.747,3.012480000000001,3,1,4.0,0.945099153491032,0,69.96,0,0,0,0.007858035,0.5888521,0.90552366,0.64341426,0.78009814,0.50893605,0.7832503,0.10751517,0.13640425,0.44409958,0.33716983,0.23913328,0.041600168,0.9251606,0.9998499,0.0074943765,0.035456162,0.10594175,0.09346845,0.03696272,0.14952579,0.037735913,0.87097645,0.24216397,0.15100656,0.012249915,0.021570602,0.40617937,0.040514786,0.2307481,0.24686484,-4.7423186,56.811462,33.752808,44.828255,-11.867552,2.1501784,2.7120955,96.52163,-4.775739,-0.111717895,38.277680140597546,61.546572934973646,32.653778558875224,36.59050966608085,63.44463971880493,100.00000000000001,22.601054481546576,46.57293497363796,47.59226713532514,25.869947275922673,37.188049209138846,2.1089630931458703,39.332161687170476,81.01933216168717,85.69420035149386,94.0597539543058,98.48857644991213,96.2390158172232,49.384885764499124,65.86994727592268,49.876977152899826,76.02811950790861,66.6432337434095,27.346221441124783,86.32688927943762,71.24780316344464,39.332161687170476,64.18277680140598,71.91564147627417,74.1652021089631,68.89279437609842,74.55184534270651,76.3444639718805,60.140597539543066,65.02636203866433,54.72759226713533,55.81722319859403,56.62565905096661,84.00702987697716,56.344463971880494,14.13005272407733,46.08084358523726,63.40949033391916,68.36555360281196,56.8365553602812,78.87521968365554,55.99297012302285,31.634446397188054,74.6572934973638,81.93321616871705,17.785588752196837,34.13005272407733
281.308,2.6351000000000004,3,1,4.0,0.9369452447379407,0,55.400000000000006,0,0,0,0.011993827,0.8913431,0.91144514,0.73051965,0.89395064,0.37238514,0.717399,0.14082402,0.13920735,0.45775872,0.51958615,0.12877521,0.03316076,0.8513077,0.99999714,0.0014143994,0.017590877,0.08384529,0.060074866,0.0070444075,0.08310221,0.0037729386,0.95411205,0.20749104,0.058373284,0.0034589574,0.009340907,0.09702667,0.003928519,0.21660869,0.34716013,-4.6292048,75.70127,53.64155,6.51797,-9.648274,2.0762239,2.3988605,94.84462,-4.1757975,-2.7746017,35.114235500878735,55.149384885764505,32.653778558875224,36.59050966608085,63.44463971880493,99.96485061511424,22.601054481546576,34.76274165202109,47.59226713532514,25.869947275922673,37.188049209138846,3.0931458699472762,67.45166959578208,82.95254833040423,88.47100175746925,96.97715289982426,93.91915641476275,94.97363796133568,58.875219683655544,66.18629173989456,51.107205623901585,83.33919156414764,39.89455184534271,21.79261862917399,76.73110720562391,95.46572934973639,8.224956063268893,35.99297012302285,69.17398945518454,67.20562390158173,25.869947275922673,47.17047451669596,40.421792618629176,80.56239015817224,62.882249560632694,30.931458699472763,32.26713532513181,39.929701230228474,64.07732864674868,17.117750439367313,13.04042179261863,54.34094903339192,71.70474516695958,77.82073813708261,71.28295254833041,33.84885764499121,72.79437609841828,27.17047451669596,68.85764499121267,78.45342706502637,28.57644991212654,11.24780316344464
279.33600000000007,3.2433400000000017,2,1,4.0,0.9371311871781702,0,46.17,0,0,0,0.015209043,0.925897,0.8822603,0.9157441,0.9672254,0.28143126,0.8315687,0.16512921,0.3646449,0.51196504,0.76242167,0.08998686,0.03110888,0.7896163,0.99999905,0.0012979758,0.018392919,0.1346161,0.12210952,0.01125689,0.099333145,0.0039007042,0.9707815,0.3332637,0.078775786,0.0040231184,0.015344399,0.22653541,0.006259501,0.27408674,0.5326365,-4.751638,94.32811,71.54242,23.142347,-8.786497,1.9054333,3.2584138,99.63962,-4.711358,-0.83532465,34.55184534270651,64.99121265377856,17.10017574692443,36.59050966608085,63.44463971880493,99.96485061511424,22.601054481546576,27.275922671353253,47.59226713532514,25.869947275922673,37.188049209138846,3.9718804920913886,72.9701230228471,72.54833040421794,95.39543057996485,98.69947275922672,84.85061511423551,97.01230228471003,63.09314586994728,80.38664323374341,57.469244288224964,90.08787346221442,27.17047451669596,20.14059753954306,71.56414762741653,97.5395430579965,7.486818980667839,37.36379613356767,75.7469244288225,78.48857644991213,39.05096660808436,56.52021089630932,40.94903339191565,87.94376098418279,70.33391915641477,38.17223198594025,35.07908611599297,49.384885764499124,75.46572934973639,23.19859402460457,17.996485061511425,64.63971880492092,62.7768014059754,85.97539543057998,81.23022847100177,61.89806678383129,77.9261862917399,19.226713532513184,84.3585237258348,88.29525483304043,18.594024604569423,27.135325131810195
320.172,3.933300000000002,2,1,4.0,0.9311288320864112,0,46.17,0,0,0,0.0056319595,0.85971767,0.8483101,0.9114025,0.96014565,0.35141903,0.8682926,0.1102978,0.49763435,0.44699663,0.47589365,0.17831258,0.030015508,0.85488015,0.99999464,0.0021699162,0.017041516,0.11880735,0.13239008,0.019064149,0.13647449,0.015569356,0.9331042,0.34522218,0.12667158,0.004146299,0.021397162,0.41537753,0.023437548,0.27776152,0.4534462,-4.668084,58.07145,36.877075,83.42669,-9.3689785,2.391183,3.256873,96.44561,-4.8035383,6.0797386,47.065026362038665,76.20386643233743,17.10017574692443,36.59050966608085,63.44463971880493,99.92970123022847,22.601054481546576,27.275922671353253,47.59226713532514,25.869947275922673,37.188049209138846,1.5114235500878737,62.98769771528999,63.02284710017575,95.2548330404218,98.5237258347979,92.33743409490334,97.64499121265379,50.36906854130053,85.09666080843586,50.22847100175748,81.65202108963094,53.5676625659051,19.297012302284713,77.01230228471002,93.28646748681899,12.618629173989456,35.07908611599297,73.42706502636204,79.92970123022847,53.53251318101934,71.28295254833041,64.42882249560633,73.21616871704745,71.10720562390159,50.19332161687171,35.606326889279444,56.52021089630932,84.39367311072057,45.061511423550094,18.488576449912127,60.38664323374341,68.89279437609842,69.27943760984184,59.40246045694201,92.44288224956064,74.58699472759227,46.326889279437616,84.32337434094904,81.75746924428823,17.258347978910372,78.84007029876977
269.272,2.765600000000001,2,1,4.0,0.9308821081931805,0,46.17,0,0,0,0.010974446,0.9376033,0.89688796,0.9031538,0.93746454,0.34501982,0.730255,0.14067449,0.32003862,0.38925275,0.43911535,0.15231323,0.029981013,0.79701537,0.99999887,0.0012792342,0.014795952,0.086368814,0.06336111,0.0072390414,0.097404614,0.0033562842,0.9572007,0.14691457,0.05315859,0.0025980796,0.011291889,0.10717745,0.0040804436,0.29889598,0.34951428,-4.4953194,73.73942,44.421757,24.556469,-8.721201,2.0818946,2.846295,94.835785,-4.317384,-0.3142156,32.02108963093146,57.82073813708261,17.10017574692443,36.59050966608085,63.44463971880493,99.92970123022847,22.601054481546576,27.275922671353253,47.59226713532514,25.869947275922673,37.188049209138846,2.9525483304042184,75.50087873462215,77.68014059753955,94.97363796133568,97.99648506151144,91.95079086115994,95.2548330404218,58.840070298769774,78.27768014059755,44.99121265377856,80.1054481546573,46.36203866432338,19.261862917398947,72.091388400703,97.29349736379615,7.346221441124781,29.982425307557122,69.49033391915643,68.33040421792619,26.46748681898067,55.36028119507909,38.523725834797894,81.6871704745167,57.57469244288225,28.787346221441126,28.189806678383132,43.33919156414763,65.30755711775045,17.680140597539545,21.15992970123023,54.55184534270651,82.00351493848858,76.48506151142355,64.88576449912127,63.58523725834799,78.6291739894552,27.521968365553604,76.87170474516697,78.4182776801406,26.01054481546573,32.61862917398946
275.373,3.358220000000002,2,1,4.0,0.9296570691269832,0,46.17,0,0,0,0.010023271,0.8658436,0.8720585,0.771551,0.9423109,0.30653796,0.822806,0.14678085,0.28870568,0.5151881,0.71353596,0.09998285,0.027678257,0.7844657,0.99999666,0.0018275412,0.020552196,0.06933267,0.10728972,0.015699701,0.11264081,0.0070302323,0.9560769,0.42276707,0.089229465,0.0035544585,0.017256435,0.2692276,0.006778757,0.24995072,0.5116247,-4.8589044,100.49468,78.847916,15.579359,-9.195063,1.8331003,3.3680203,101.755325,-4.7583113,-2.0369363,33.46221441124781,66.60808435852373,17.10017574692443,36.59050966608085,63.44463971880493,99.92970123022847,22.601054481546576,27.275922671353253,47.59226713532514,25.869947275922673,37.188049209138846,2.776801405975396,63.76098418277681,69.17398945518454,90.12302284710019,97.99648506151144,88.15465729349737,96.90685413005274,59.824253075571185,76.55536028119509,57.644991212653785,88.75219683655537,30.193321616871707,17.539543057996486,71.17750439367312,95.00878734622145,10.790861159929703,41.44112478031635,67.1353251318102,76.16871704745168,48.01405975395431,62.67135325131811,51.77504393673111,81.44112478031636,74.76274165202109,40.84358523725835,32.89982425307557,52.02108963093146,77.60984182776802,24.21792618629174,15.53602811950791,63.47978910369069,55.18453427065027,88.33040421792619,83.76098418277681,49.94727592267136,75.67662565905097,15.430579964850617,86.08084358523726,91.70474516695958,17.961335676625662,17.152899824253076
301.36400000000003,3.005020000000001,4,1,4.0,0.9441802535220541,0,55.4,0,0,0,0.14674273,0.8379096,0.78822356,0.97343194,0.9921314,0.15497342,0.92406857,0.14922394,0.6134864,0.58931226,0.95806724,0.08511925,0.04468334,0.8413437,0.99999875,0.0031692241,0.018906953,0.6199374,0.46483678,0.03104328,0.13220103,0.0062696524,0.9613444,0.44193745,0.2713642,0.026893869,0.09700797,0.4722956,0.03461997,0.38680905,0.6483615,-4.7067227,73.23865,53.48638,20.620487,-9.711485,2.0937514,2.4428804,97.81246,-4.265091,-1.1075581,40.80843585237259,61.40597539543059,48.55887521968366,36.59050966608085,63.44463971880493,100.00000000000001,22.601054481546576,34.72759226713533,47.59226713532514,25.869947275922673,37.188049209138846,37.188049209138846,61.08963093145871,48.43585237258348,98.31282952548331,99.57820738137083,57.750439367311074,98.48857644991213,60.21089630931459,88.08435852372584,66.29173989455185,96.90685413005274,26.08084358523726,29.420035149384887,75.92267135325133,97.15289982425308,18.629173989455186,38.17223198594025,95.43057996485062,97.3286467486819,64.49912126537787,69.94727592267137,49.49033391915642,83.16344463971882,75.43057996485062,68.6115992970123,68.47100175746925,83.3743409490334,86.78383128295256,52.93497363796134,32.056239015817226,69.94727592267137,66.32688927943761,76.3444639718805,71.14235500878735,58.875219683655544,72.37258347978911,28.049209138840073,69.73637961335677,84.60456942003516,26.889279437609844,24.780316344463973
341.8160000000001,3.466420000000002,4,1,4.0,0.9040239418574715,0,64.63000000000001,0,0,0,0.014958377,0.79750454,0.88281393,0.82878274,0.9652046,0.2532308,0.8761107,0.15858117,0.42551097,0.6079922,0.9474697,0.0710112,0.053347338,0.8719305,0.99999845,0.0015769321,0.023367522,0.2722374,0.243027,0.010572553,0.060644675,0.004141451,0.9602066,0.5240213,0.14363918,0.0073540485,0.02309136,0.2740383,0.013548324,0.16130194,0.661327,-4.783494,105.270935,85.646515,36.445095,-9.738576,1.7501549,3.1882987,101.96655,-5.0655518,-0.49743897,52.02108963093146,68.68189806678383,48.55887521968366,36.59050966608085,63.44463971880493,99.22671353251319,22.601054481546576,42.84710017574693,47.59226713532514,25.869947275922673,37.188049209138846,3.9015817223198597,57.11775043936731,72.75922671353251,92.02108963093147,98.6291739894552,80.45694200351494,97.71528998242532,62.14411247803164,82.91739894551846,68.64674868189807,96.59050966608085,22.35500878734622,33.5676625659051,79.19156414762742,96.94200351493849,9.314586994727593,46.57293497363796,85.86994727592268,89.27943760984184,37.3286467486819,31.353251318101936,42.14411247803164,82.67135325131811,78.84007029876977,53.18101933216169,44.920913884007035,57.750439367311074,77.82073813708261,34.97363796133568,8.260105448154658,70.54481546572936,60.80843585237259,89.66608084358525,86.36203866432338,73.49736379613357,72.37258347978911,11.985940246045695,82.70650263620388,91.9859402460457,13.42706502636204,30.68541300527241
320.18600000000004,4.018420000000002,2,1,4.0,0.927522550246754,0,38.33,0,0,0,0.24386592,0.9195526,0.8859727,0.9782513,0.94585526,0.19067912,0.6650678,0.17074311,0.25362688,0.58925086,0.59081435,0.06783025,0.048594568,0.85097396,0.9999983,0.004625686,0.03955558,0.6969503,0.19756523,0.046917237,0.27883193,0.014042879,0.969098,0.51058596,0.3089053,0.08304392,0.060094785,0.574886,0.069668435,0.5063844,0.5926012,-4.712591,109.544044,83.824715,68.911026,-8.357342,1.9109991,3.6522605,97.82808,-5.298395,6.949445,47.065026362038665,77.4340949033392,17.10017574692443,36.59050966608085,63.44463971880493,99.89455184534272,22.601054481546576,21.124780316344467,47.59226713532514,25.869947275922673,37.188049209138846,53.67311072056239,71.91564147627417,73.63796133567664,98.4182776801406,98.06678383128296,67.7328646748682,94.09490333919157,63.72583479789104,74.76274165202109,66.29173989455185,85.41300527240774,21.33567662565905,31.528998242530758,76.69595782073814,96.55536028119509,26.115992970123024,68.75219683655537,96.90685413005274,86.25659050966608,73.91915641476275,89.34973637961336,63.33919156414763,86.60808435852374,78.20738137082601,71.14235500878735,83.40949033391917,75.88752196836556,90.61511423550088,66.4323374340949,47.521968365553604,67.17047451669596,65.83479789103691,90.93145869947277,85.72934973637962,89.10369068541301,81.30052724077329,19.472759226713535,90.57996485061513,84.60456942003516,10.61511423550088,82.10896309314587
259.23999999999995,1.87328,4,1,4.0,0.908617363539873,1,78.92,0,0,0,0.11280751,0.8713643,0.9121455,0.3296628,0.38164383,0.29023188,0.144371,0.09359489,0.011183798,0.42718354,0.17590526,0.1451609,0.0533656,0.8182338,0.9999731,0.0035012893,0.014681399,0.06501766,0.026492327,0.0038410234,0.048169844,0.0026287045,0.91357505,0.013552377,0.04755489,0.010482992,0.016695878,0.0062448955,0.007820642,0.32707143,0.096575245,-4.6064124,39.494526,25.439009,-3.0384007,-10.619998,3.0582237,1.380337,55.347046,-2.3308969,-4.682509,29.595782073813712,42.53075571177505,48.55887521968366,36.59050966608085,63.44463971880493,99.57820738137083,55.32513181019333,53.49736379613357,47.59226713532514,25.869947275922673,37.188049209138846,30.404217926186295,64.53427065026362,83.19859402460457,74.13005272407733,79.7188049209139,86.18629173989456,71.17750439367312,45.377855887521974,26.5377855887522,48.471001757469246,65.76449912126539,44.56942003514939,33.5676625659051,74.09490333919157,84.60456942003516,20.281195079086118,29.841827768014063,66.46748681898067,54.059753954305805,13.74340949033392,19.718804920913886,33.77855887521969,68.18980667838314,35.53602811950791,25.940246045694202,52.196836555360285,51.35325131810194,31.00175746924429,26.01054481546573,24.639718804920918,31.212653778558877,73.53251318101934,56.41476274165203,50.017574692442885,17.047451669595784,65.86994727592268,84.28822495606327,51.31810193321618,32.40773286467487,64.99121265377856,3.8664323374340954
279.336,3.2433400000000017,2,1,4.0,0.9371311871781701,0,46.17,0,0,0,0.025372803,0.88744193,0.8742279,0.71416783,0.9403963,0.3010431,0.77194464,0.13717747,0.2369988,0.51957923,0.74797064,0.100524604,0.036168877,0.8043426,0.9999975,0.00202061,0.020614088,0.10830901,0.11484283,0.012188194,0.09496351,0.0067274147,0.95993936,0.37306422,0.10517452,0.0046259454,0.01819774,0.2160515,0.010451648,0.272909,0.49099976,-4.6481757,98.6369,75.00233,8.787272,-8.108144,1.8526684,2.8638647,97.893036,-4.418699,-2.2100577,34.55184534270651,64.99121265377856,17.10017574692443,36.59050966608085,63.44463971880493,99.96485061511424,22.601054481546576,27.275922671353253,47.59226713532514,25.869947275922673,37.188049209138846,6.854130052724078,66.85413005272409,69.8066783831283,88.08435852372584,97.99648506151144,87.55711775043937,96.06326889279438,58.101933216168725,73.56766256590511,58.03163444639719,89.701230228471,30.36906854130053,23.936731107205627,72.72407732864676,95.64147627416521,11.70474516695958,41.54657293497364,72.19683655536029,77.29349736379613,41.0896309314587,54.09490333919157,51.03690685413006,82.60105448154658,72.44288224956064,45.377855887521974,37.39894551845343,52.89982425307558,74.83304042179263,30.333919156414765,17.820738137082603,62.319859402460466,70.7908611599297,87.87346221441126,82.49560632688929,37.71528998242531,83.2688927943761,16.133567662565905,77.18804920913885,84.74516695957821,24.007029876977153,15.571177504393674
306.774,3.320900000000001,3,1,4.0,0.9453044724719546,0,69.96000000000001,0,0,0,0.013749598,0.5868467,0.88138914,0.4890787,0.7776209,0.42255893,0.79287803,0.10839866,0.060831267,0.54769903,0.63491005,0.13838589,0.03048318,0.92907876,0.99993974,0.00876152,0.0416369,0.111637786,0.11788976,0.02698876,0.111517705,0.031885173,0.9121062,0.362025,0.16956268,0.016171508,0.0220376,0.37782693,0.03988383,0.1939635,0.2538784,-4.777688,76.59953,57.877636,28.634771,-11.092168,2.0045886,2.7419252,98.892365,-4.9102798,-2.7124534,42.6713532513181,66.18629173989456,32.653778558875224,36.59050966608085,63.44463971880493,100.00000000000001,22.601054481546576,46.57293497363796,47.59226713532514,25.869947275922673,37.188049209138846,3.5852372583479792,39.26186291739895,72.091388400703,80.8084358523726,93.98945518453428,95.92267135325133,96.37961335676627,49.701230228471005,52.26713532513182,60.98418277680141,86.46748681898067,42.63620386643234,19.43760984182777,86.6432337434095,78.34797891036908,43.47978910369069,70.43936731107206,72.58347978910369,77.89103690685414,61.195079086115996,62.14411247803164,74.20035149384887,67.90861159929702,71.9859402460457,57.57469244288225,60.63268892794377,56.97715289982426,82.8822495606327,56.098418277680146,10.720562390158173,46.783831282952555,61.195079086115996,78.34797891036908,73.74340949033393,67.5219683655536,61.792618629173994,23.83128295254833,75.1493848857645,86.67838312829527,15.957820738137084,11.493848857644993
281.764,3.4492200000000013,2,1,4.0,0.9365207349823481,0,46.17,0,0,0,0.011494871,0.89749765,0.8459729,0.93031234,0.9774679,0.30962414,0.8875017,0.11317514,0.4665169,0.43200517,0.5880343,0.13110785,0.025850307,0.8144345,0.999998,0.0014810882,0.01502621,0.14204529,0.13341203,0.018533016,0.15299071,0.009356317,0.95005625,0.32277662,0.10830071,0.004321281,0.023896154,0.35014066,0.013935752,0.32442048,0.47445887,-4.6785116,83.92757,54.964348,40.856045,-9.544416,2.0105162,3.2185352,99.45327,-4.77845,0.29131788,35.32513181019333,68.33040421792619,17.10017574692443,36.59050966608085,63.44463971880493,99.96485061511424,22.601054481546576,27.275922671353253,47.59226713532514,25.869947275922673,37.188049209138846,2.9876977152899826,68.2249560632689,62.14411247803164,96.2390158172232,99.0158172231986,88.43585237258348,97.99648506151144,51.107205623901585,84.11247803163445,48.89279437609842,85.27240773286468,40.45694200351494,16.449912126537786,73.77855887521969,96.27416520210897,8.717047451669597,30.755711775043938,76.62565905096662,79.96485061511424,52.75922671353252,75.39543057996485,57.012302284710024,78.59402460456943,69.8066783831283,46.18629173989456,36.344463971880494,58.24253075571178,81.44112478031636,35.21968365553603,24.3585237258348,61.335676625659055,68.2249560632689,81.51142355008788,72.12653778558875,76.27416520210897,73.42706502636204,24.11247803163445,83.55008787346222,87.76801405975397,17.680140597539545,38.03163444639719
301.289,3.235100000000001,2,1,4.0,0.9420736040534038,0,46.17,0,0,0,0.012277181,0.85661775,0.8872951,0.63606495,0.83636236,0.37523022,0.67159355,0.13985525,0.17091343,0.47888628,0.47384548,0.15967572,0.03691232,0.8338417,0.99999046,0.0036821961,0.027356902,0.056928374,0.07599653,0.01273475,0.10039731,0.009808565,0.9368372,0.29064146,0.0938604,0.004553831,0.013056611,0.183925,0.011674249,0.24250957,0.34792167,-4.4962406,45.736275,31.598469,26.985668,-8.851455,2.6713214,2.787888,94.123085,-4.4933014,-0.5341695,40.77328646748682,64.74516695957821,17.10017574692443,36.59050966608085,63.44463971880493,100.00000000000001,22.601054481546576,27.275922671353253,47.59226713532514,25.869947275922673,37.188049209138846,3.268892794376099,62.81195079086117,74.09490333919157,85.41300527240774,95.67662565905097,94.13005272407733,94.1652021089631,58.734622144112485,69.59578207381371,53.427065026362044,81.61687170474518,48.57644991212654,24.67486818980668,75.43057996485062,90.57996485061513,21.0896309314587,52.513181019332166,64.42882249560633,70.86115992970123,42.601054481546576,56.97715289982426,57.89103690685413,74.23550087873463,68.36555360281196,42.31985940246046,37.22319859402461,46.151142355008794,72.72407732864676,32.58347978910369,15.008787346221443,54.44639718804921,81.96836555360282,60.878734622144115,55.39543057996485,66.11599297012303,77.50439367311073,64.18277680140598,75.99297012302286,76.87170474516697,22.81195079086116,30.474516695957824
